1000		CHINA
1000		SLOVENIA
1001		CHINA
1003		FRANCE
1007		IRAQ
1010		TURKEY
1013		ICELAND
1021		SWITZERLAND
1033		SYRIA
1037		CHINA
1040		TUNISIA
1042		IRAN
1045		TURKEY
1048		UK
1052		IRAN
1052		IRAN
1058		IRAQ
105		TURKEY
1063		LEBANON
1063		TURKEY
1064		TURKEY
1065		IRAN
1065		ITALY
1066		IRAN
1068		ISRAEL
1070		EGYPT
1072		YEMEN
1076		SYRIA
1082		TURKEY
1085		IRAN
1085		TURKEY
1086		IRAQ
1086		ITALY
1089		SYRIA
1091		TURKEY
109		TURKEY
1102		CHINA
1106		TURKEY
1109		TURKEY
1111		TURKEY
1114		ITALY
1114		TURKEY
1114		TURKEY
1115		IRAN
1115		TURKEY
1115		TURKEY
1117		ITALY
1117		ITALY
1118		UK
1125		ITALY
1130		IRAQ
1130		IRAQ
1137		IRAQ
1137		ITALY
1139		AZERBAIJAN
1149		IRAQ
1151		PORTUGAL
1153		GREECE
1155		ITALY
1155		SYRIA
1156		SYRIA
1157		SYRIA
1158		SYRIA
1164		ICELAND
1169		ITALY
1169		SYRIA
1171		LEBANON
1172		ITALY
1175		IRAN
1176		IRAN
1179		TURKEY
1180		ITALY
1182		ICELAND
1183		SYRIA
1184		ITALY
11		TURKEY
1201		SLOVENIA
1202		CHINA
1211		EGYPT
1222		CYPRUS
1222		ITALY
1223		ITALY
1227		FRANCE
1231		ITALY
1237		ALBANIA
1237		ALBANIA
1237		IRAN
1248		ITALY
1255		NEPAL
1259		ITALY
1268		TURKEY
1269		TURKEY
1272		IRAN
1273		ITALY
1276		MOROCCO
1279		ITALY
1280		CROATIA
1280		CROATIA
1280		IRAN
1284		SYRIA
1286		FRANCE
1289		CHINA
1289		FRANCE
1291		IRAN
1293		ISRAEL
1295		SWITZERLAND
1295		SWITZERLAND
1298		ITALY
1300		CROATIA
1300		ITALY
1301		IRAN
1303		GREECE
1306		GREECE
1306		IRAN
1310		CHINA
1319		IRAN
1319		ITALY
1320		PORTUGAL
1323		CROATIA
1328		ITALY
1329		ITALY
1332		TURKEY
1336		IRAN
1339		LEBANON
1340		CHINA
1343		CHINA
1343		CROATIA
1343		SYRIA
1344		IRAN
1344		PORTUGAL
1345		ITALY
1346		SWITZERLAND
1347		CHINA
1348		AUSTRIA
1349		ITALY
1352		ITALY
1353		TURKEY
1354		SYRIA
1356		PORTUGAL
1356		SWITZERLAND
1358		YEMEN
1359		ALGERIA
1360		IRAN
1361		ITALY
1365		ALGERIA
-1365		SYRIA
1367		IRAN
1374		SPAIN
1375		SWITZERLAND
1377		YEMEN
1380		ALBANIA
1382		IRAN
1383		TURKEY
1384		GREECE
1386		BOSNIA-HERZEGOVINA
1387		CROATIA
1387		YEMEN
1389		GREECE
1389		IRAN
1390		CROATIA
1391		SWITZERLAND
1399		CROATIA
1400		IRAN
1400		IRAN
1402		SYRIA
1403		SYRIA
1404		SYRIA
1407		TURKEY
1408		TURKEY
1414		ITALY
1417		ITALY
1418		CROATIA
1419		TURKEY
1426		YEMEN
1427		SPAIN
1428		FRANCE
1431		SPAIN
1441		IRAN
1441		TURKEY
1443		SLOVAKIA
1444		BULGARIA
1444		TURKEY
1447		ITALY
-1450		ITALY
1451		CROATIA
1454		SWITZERLAND
1454		SWITZERLAND
1456		ITALY
1456		SERBIA AND MONTENEGRO
1456		TURKEY
1457		ISRAEL
1458		ISRAEL
1458		TURKEY
1459		CROATIA
1461		ITALY
1461		ITALY
1463		YEMEN
1464		SPAIN
1469		GREECE
1471		CROATIA
1479		CROATIA
1481		GREECE
1481		GREECE
1481		ITALY
1482		CROATIA
1483		GREECE
1484		IRAN
1489		TURKEY
1490		GREECE
1490		IRELAND
1491		GREECE
1493		GREECE
1494		FRANCE
1494		FRANCE
1496		CROATIA
1498		VENEZUELA
1499		CHINA
1500		CHINA
1500		USA
1501		GREECE
1502		CROATIA
1502		DOMINICAN REPUBLIC
1504		CROATIA
1504		SPAIN
1504		SWITZERLAND
1505		AFGHANISTAN
1505		SLOVENIA
1508		GREECE
1509		CHINA
1509		ITALY
1509		SLOVENIA
1509		TURKEY
1510		GERMANY
1510		SLOVENIA
1511		ITALY
1512		SWITZERLAND
1514		GREECE
1515		CHINA
1516		CROATIA
1516		CROATIA
1516		ROMANIA
1518		SPAIN
1520		CHILE
1522		SPAIN
1523		MEXICO
1524		INDIA
1527		IRAN
1530		CROATIA
1537		MEXICO
1538		ITALY
1538		MEXICO
1539		HONDURAS
1541		VENEZUELA
1542		ITALY
1542		MEXICO
1543		CHILE
1543		VENEZUELA
1545		CHINA
1545		JAPAN
1547		AZORES (PORTUGAL)
1549		IRAN
1550		IRAN
1550		ITALY
1551		PORTUGAL
1555		MACEDONIA
1556		AUSTRIA
1556		TURKEY
1556		TURKEY
155		GREECE
1561		CHINA
1561		ITALY
1561		ITALY
1563		SERBIA AND MONTENEGRO
1564		DOMINICAN REPUBLIC
1565		GUATEMALA
1566		GUATEMALA
1566		IRAN
-1566		ISRAEL
1568		MEXICO
1570		ITALY
1573		MEXICO
1574		CROATIA
1574		IRAN
1574		SWITZERLAND
1576		EL SALVADOR
1578		PERU
1579		COSTA RICA
1579		MOROCCO
1582		ITALY
1584		SWITZERLAND
1584		SWITZERLAND
1584		SWITZERLAND
1586		GUATEMALA
1587		ECUADOR
1587		PORTUGAL
1588		IRAN
1589		SPAIN
1590		CROATIA
1590		CROATIA
1590		ECUADOR
1591		AZORES (PORTUGAL)
1593		FRANCE
1594		PERU
1597		PORTUGAL
1598		PORTUGAL
1599		PHILIPPINES
-15		CYPRUS
1600		PHILIPPINES
1601		PHILIPPINES
1603		MEXICO
1604		CHILE
1604		GREECE
1604		MEXICO
1608		MACEDONIA
1608		MEXICO
1608		SERBIA AND MONTENEGRO
1608		SERBIA AND MONTENEGRO
1609		ITALY
-1610		GREECE
1610		PHILIPPINES
1610		SWITZERLAND
1611		IRAN
1611		JAPAN
1611		MEXICO
1611		MEXICO
1612		GREECE
1612		GREECE
1613		GREECE
1614		AZORES (PORTUGAL)
1614		AZORES (PORTUGAL)
1615		USA TERRITORY
1616		SWITZERLAND
1616		SYRIA
1618		FRANCE
1618		INDIA
1618		IRAN
1618		SWITZERLAND
1619		GERMANY
1619		MEXICO
1619		PHILIPPINES
1620		PHILIPPINES
1621		PANAMA
1622		GREECE
1622		MEXICO
1622		SWITZERLAND
1622		SWITZERLAND
1624		ITALY
1624		MOROCCO
1625		GREECE
1626		ITALY
1626		ITALY
1627		ECUADOR
1628		PHILIPPINES
1629		GERMANY
1629		INDONESIA
1630		GREECE
1630		INDONESIA
1631		ITALY
1632		CROATIA
1633		CHILE
1633		IRAN
1636		GREECE
1636		PHILIPPINES
1638		ITALY
1639		CHILE
1639		CROATIA
1639		IRAN
1639		ITALY
1640		CHINA
1640		ECUADOR
1640		GERMANY
1640		ITALY
1640		SLOVENIA
1641		BULGARIA
1641		IRAN
1641		PHILIPPINES
1641		VENEZUELA
1644		FRANCE
1644		VENEZUELA
1645		PHILIPPINES
1646		ITALY
1646		TURKEY
1646		TURKEY
1647		PERU
1648		CROATIA
1648		NICARAGUA
1648		PHILIPPINES
1648		TURKEY
1649		JAPAN
1650		GREECE
1650		IRAN
1651		PERU
1653		PHILIPPINES
1654		ITALY
1654		PERU
1654		SPAIN
1655		GREECE
1656		LEBANON
1656		PERU
1657		CHILE
1657		FRANCE
1657		INDONESIA
1657		PERU
1658		GREECE
1658		PERU
1658		PHILIPPINES
1659		EL SALVADOR
1659		INDONESIA
1659		ITALY
1659		JAPAN
1660		FRANCE
1660		GREECE
1660		ITALY
1660		MOROCCO
1661		ITALY
1662		ECUADOR
1662		GREECE
1662		JAPAN
1662		MEXICO
1663		CANADA
1663		NICARAGUA
1664		IRAN
1665		GREECE
1665		IRAN
1665		PHILIPPINES
1666		IRAQ
1666		JAPAN
1667		IRAN
1667		IRAN
1667		JAMAICA
1667		MEXICO
1668		IRAN
1668		PAKISTAN
1668		USA
1669		INDIA
1669		ITALY
1670		AUSTRIA
1670		IRAN
1671		AZERBAIJAN
1672		GREECE
1672		GREECE
1673		DOMINICAN REPUBLIC
1673		INDONESIA
1673		INDONESIA
1673		INDONESIA
1674		GREECE
1674		INDONESIA
1675		PHILIPPINES
1676		JAPAN
1677		JAMAICA
1677		PHILIPPINES
1678		CUBA
1678		IRAN
1678		IRAN
1679		YEMEN
1680		JAPAN
1680		SPAIN
1681		INDONESIA
1681		SOUTH KOREA
1682		CUBA
1682		FRANCE
1682		MEXICO
1683		ARMENIA
1683		IRAN
1684		DOMINICAN REPUBLIC
1687		IRAN
1687		JAMAICA
1688		ITALY
1688		ITALY
1688		ITALY
1688		JAMAICA
1688		JAMAICA
1688		PAKISTAN
1689		AUSTRIA
1690		AUSTRIA
1691		DOMINICAN REPUBLIC
1692		ARMENIA
1692		JAMAICA
1693		CUBA
1694		ITALY
1694		JAPAN
1695		ITALY
1696		GREECE
1696		IRAN
1697		MEXICO
1698		ECUADOR
1699		PHILIPPINES
1701		HAITI
1701		MEXICO
1702		ITALY
1702		MARTINIQUE
1703		IRAN
1703		IRAN
1703		ITALY
1704		GREECE
1704		JAPAN
1705		CHILE
1706		ICELAND
1706		ITALY
1707		EL SALVADOR
1707		TURKEY
1708		FRANCE
1708		INDONESIA
170		GREECE
1710		INDONESIA
1711		FRANCE
1711		JAPAN
1711		MEXICO
1714		GREECE
1714		JAPAN
1714		MEXICO
1714		MYANMAR (BURMA)
1715		TURKEY
1716		ALGERIA
1716		ALGERIA
1716		MEXICO
1716		PHILIPPINES
1717		CROATIA
1717		USA TERRITORY
1719		EL SALVADOR
1719		MOROCCO
1719		TURKEY
1720		AZORES (PORTUGAL)
1720		AZORES (PORTUGAL)
1720		INDIA
1720		SWITZERLAND
1721		CROATIA
1721		PHILIPPINES
1721		TAIWAN
1722		GREECE
1722		INDONESIA
1722		PORTUGAL
1725		PERU
1726		ITALY
1727		IRAN
1727		MARTINIQUE
1727		MEXICO
1728		PHILIPPINES
1729		JAPAN
1730		AZORES (PORTUGAL)
1730		ITALY
1730		ITALY
1730		PHILIPPINES
1731		ITALY
1731		MEXICO
1731		MOROCCO
1732		ICELAND
1732		ITALY
1732		MEXICO
1733		ETHIOPIA
1734		ICELAND
1734		UK
1735		PHILIPPINES
1736		ECUADOR
1737		INDIA
1737		RUSSIA
1739		AZORES (PORTUGAL)
1739		MEXICO
1739		PERU
1739		SERBIA AND MONTENEGRO
173		CHINA
1740		MEXICO
1740		SERBIA AND MONTENEGRO
1741		GREECE
1741		ITALY
1742		CHILE
1742		GREECE
1742		GREECE
1743		COLOMBIA
1743		PHILIPPINES
1743		PHILIPPINES
1744		PHILIPPINES
1747		PERU
1747		PHILIPPINES
1748		SPAIN
1749		MEXICO
1749		PHILIPPINES
1750		BULGARIA
1750		CROATIA
1750		FRANCE
1750		GREECE
1750		MEXICO
1750		MYANMAR (BURMA)
1750		VENEZUELA
1751		COLOMBIA
1751		DOMINICAN REPUBLIC
1751		DOMINICAN REPUBLIC
1751		HAITI
1751		HAITI
1751		ITALY
1751		ITALY
1751		TURKEY
1752		GREECE
1752		ISRAEL
1752		PORTUGAL
1752		SYRIA
1754		EGYPT
1754		INDONESIA
1754		MEXICO
1754		PHILIPPINES
1755		IRAN
1755		MOROCCO
1755		SERBIA AND MONTENEGRO
1755		SWITZERLAND
1756		PORTUGAL
1757		AZORES (PORTUGAL)
1757		CROATIA
1757		ITALY
1757		ITALY
1757		MOROCCO
1757		UK
1758		AZORES (PORTUGAL)
1758		TUNISIA
1759		GREECE
1759		GREECE
1759		ITALY
1759		LEBANON
1759		MEXICO
1760		CUBA
1762		BANGLADESH
1763		INDONESIA
1764		PORTUGAL
1765		CHILE
1765		EL SALVADOR
1766		COLOMBIA
1766		GREECE
1766		GUATEMALA
1766		IRAN
1766		MARTINIQUE
1766		TURKEY
1767		CHINA
1767		GREECE
1767		ITALY
1767		MARTINIQUE
1767		PHILIPPINES
1768		CROATIA
1768		ITALY
1769		GREECE
1769		IRAN
1769		IRAQ
1769		SWITZERLAND
1770		GREECE
1770		HAITI
1770		PHILIPPINES
1771		JAMAICA
1771		PHILIPPINES
1772		FRANCE
1772		GREECE
1773		GUATEMALA
1773		GUATEMALA
1773		MOROCCO
1774		CANADA
1774		FRENCH GUIANA
1774		SWITZERLAND
1775		CROATIA
1775		CUBA
1775		HAITI
1775		HAITI
1775		INDONESIA
1775		VENEZUELA
1776		DOMINICAN REPUBLIC
1776		MEXICO
1777		MEXICO
1777		MOROCCO
1778		IRAN
1778		IRAN
1778		TURKEY
-177		ITALY
177		ITALY
177		TURKEY
1780		GREECE
1780		JAMAICA
1780		SERBIA AND MONTENEGRO
1781		IRAQ
1781		ITALY
1781		JAMAICA
1782		TAIWAN
1783		DOMINICAN REPUBLIC
1783		ITALY
1783		ITALY
1783		ITALY
1783		TURKEY
1784		HAITI
1784		ICELAND
1784		MEXICO
1784		MEXICO
1784		SPAIN
1784		TURKEY
1785		COLOMBIA
1785		GREECE
1786		GREECE
1786		ITALY
1786		VENEZUELA
1787		JAMAICA
1787		PHILIPPINES
1787		PHILIPPINES
1787		USA TERRITORY
1787		USA TERRITORY
1788		SAINT LUCIA
1789		ITALY
1790		ALGERIA
1791		GREECE
1791		GUATEMALA
1791		IRAN
1791		ITALY
1791		MOROCCO
1792		USA
1793		AZORES (PORTUGAL)
1793		HAITI
1794		IRAN
1794		VENEZUELA
1795		MEXICO
1795		TRINIDAD AND TOBAGO
1796		COLOMBIA
1796		ITALY
1796		PHILIPPINES
1796		SYRIA
1797		VENEZUELA
1798		CHILE
1798		COSTA RICA
1798		EL SALVADOR
1798		GREECE
1798		ITALY
1799		FRANCE
1799		ITALY
1799		ITALY
1799		PERU
17		TURKEY
1800		CANARY ISLANDS
1800		MEXICO
1801		MEXICO
1801		SWITZERLAND
1802		ALGERIA
1802		ANTIGUA AND BARBUDA
1802		INDONESIA
1802		ITALY
1802		VENEZUELA
1803		INDIA
1804		GREECE
1804		GREECE
1804		SPAIN
1804		SPAIN
1805		COLOMBIA
1805		IRAN
1805		ITALY
1805		VENEZUELA
1806		ITALY
1806		USA
1808		ECUADOR
1808		IRAN
1808		IRAN
1808		MOROCCO
1809		IRAN
1809		SOUTH AFRICA
1809		USA TERRITORY
1810		CANARY ISLANDS
1810		CUBA
1810		GREECE
1811		CHILE
1811		PHILIPPINES
1812		FRANCE
1812		FRANCE
1812		ITALY
1812		JAMAICA
1813		IRAN
1813		PERU
1814		FRANCE
1814		INDONESIA
1814		PHILIPPINES
1815		GREECE
1815		GREECE
1815		INDONESIA
1815		MEXICO
1816		INDONESIA
1817		CHINA
1817		USA
1818		BULGARIA
1818		ITALY
1818		ITALY
1818		ITALY
1818		MEXICO
1819		ALGERIA
1819		ITALY
1820		GREECE
1820		IRAN
1820		IRAN
1820		USA
1820		VENEZUELA
1821		GREECE
1821		MOROCCO
1821		PERU
1821		UK TERRITORY
1822		CHILE
1822		GRENADA
1822		TURKEY
1822		TURKEY
1823		CROATIA
1823		GREECE
1823		IRAN
1823		IRAN
1823		ITALY
1823		MARTINIQUE
1823		USA
1823		VENEZUELA
1824		GUADELOUPE
1824		IRAN
1824		JAMAICA
1824		MARTINIQUE
1824		PHILIPPINES
1824		PHILIPPINES
1825		ALGERIA
1825		COLOMBIA
1825		IRAN
1825		TRINIDAD AND TOBAGO
1825		USA TERRITORY
1826		CUBA
1826		JAPAN
1827		MARTINIQUE
1827		PAKISTAN
1827		RUSSIA
1827		TURKEY
1828		INDIA
1828		INDONESIA
1828		ITALY
1828		JAPAN
1828		PHILIPPINES
1829		GREECE
1829		GREECE
1829		ROMANIA
1829		SPAIN
1830		IRAN
1830		JAPAN
1830		MEXICO
1830		PHILIPPINES
1830		PHILIPPINES
1830		RUSSIA
1831		BARBADOS
1831		GREECE
1831		ITALY
1831		ITALY
1831		NEW ZEALAND
1832		AFGHANISTAN
1832		ITALY
1832		ITALY
1833		CHILE
1833		MEXICO
1834		COLOMBIA
1834		COLOMBIA
1834		INDONESIA
1834		ITALY
1834		USA TERRITORY
1834		VENEZUELA
1835		INDONESIA
1835		ITALY
1835		SWITZERLAND
1835		TURKEY
1836		INDONESIA
1836		ITALY
1836		ITALY
1836		USA
1837		INDONESIA
1837		ITALY
1837		USA TERRITORY
1837		VENEZUELA
1838		CHILE
1838		ISRAEL
1838		MYANMAR (BURMA)
1839		EL SALVADOR
1839		MYANMAR (BURMA)
1839		SWITZERLAND
1839		USA
1839		VENEZUELA
1840		GREECE
1840		INDONESIA
1840		PERU
1841		AZORES (PORTUGAL)
1841		COSTA RICA
1841		INDONESIA
1842		AFGHANISTAN
1842		CANADA
1842		ETHIOPIA
1842		GREECE
1843		CHILE
1843		GREECE
1843		INDIA
1843		IRAN
1843		IRAN
1844		ARGENTINA
1844		NICARAGUA
1844		SAINT VINCENT AND THE GRENADINES
1844		TURKEY
1844		USA TERRITORY
1845		CHILE
1845		COLOMBIA
1845		ETHIOPIA
1845		MEXICO
1845		NEW ZEALAND
1845		TURKEY
1846		CHILE
1846		GREECE
1846		ITALY
1847		CHILE
1847		CHILE
1847		EGYPT
1847		INDIA
1847		INDONESIA
1847		MEXICO
1847		PERU
1847		PORTUGAL
1848		ITALY
1848		MEXICO
1848		MOROCCO
1849		RUSSIA
1849		VENEZUELA
1850		CROATIA
1851		ALBANIA
1851		ALBANIA
1851		COLOMBIA
1851		GUADELOUPE
1851		IRAN
1851		ITALY
1851		PAKISTAN
1851		SWITZERLAND
1851		TURKEY
1851		USA
1851		USA
1852		AZORES (PORTUGAL)
1852		AZORES (PORTUGAL)
1852		CUBA
1852		INDONESIA
1852		MEXICO
1852		MEXICO
1852		PAKISTAN
1852		PERU
1852		PHILIPPINES
1852		USA
1853		GREECE
1853		IRAN
1853		ITALY
1853		ITALY
1853		JAPAN
1853		JAPAN
1853		PHILIPPINES
1853		RUSSIA
1853		TONGA
1853		USA
1854		ALBANIA
1854		EL SALVADOR
1854		FRANCE
1854		FRANCE
1854		INDONESIA
1854		ITALY
1854		ITALY
1854		JAPAN
1854		MEXICO
1854		MEXICO
1854		MEXICO
1854		USA
1854		USA
1854		USA
1855		ALBANIA
1855		ALGERIA
1855		CHILE
1855		FRANCE
1855		HONDURAS
1855		INDONESIA
1855		MEXICO
1855		MEXICO
1855		PHILIPPINES
1855		SWITZERLAND
1855		TURKEY
1855		USA
1855		USA
1856		ALGERIA
1856		ALGERIA
1856		GREECE
1856		INDONESIA
1856		INDONESIA
1856		ITALY
1856		MEXICO
1856		PORTUGAL
1857		ALGERIA
1857		INDONESIA
1857		INDONESIA
1857		IRAN
1857		IRAN
1857		ITALY
1857		SUDAN
1857		TURKEY
1858		ALBANIA
1858		ALBANIA
1858		BULGARIA
1858		GREECE
1858		JAPAN
1858		JAPAN
1858		JAPAN
1858		MEXICO
1858		MEXICO
1858		MYANMAR (BURMA)
1858		PORTUGAL
1858		SLOVAKIA
1858		USA
1859		AUSTRALIA
1859		ECUADOR
1859		INDONESIA
1859		INDONESIA
1859		INDONESIA
1859		ITALY
1859		ITALY
1859		TURKEY
1859		USA
1860		ALBANIA
1860		HAITI
1860		INDONESIA
1860		INDONESIA
1860		PERU
1861		ARGENTINA
1861		ETHIOPIA
1861		ITALY
1861		JAMAICA
1861		PERU
1861		USA
1862		ALBANIA
1862		GREECE
1862		IRAN
1862		NICARAGUA
1863		FRANCE
1863		GREECE
1863		INDONESIA
1863		INDONESIA
1863		IRAN
1863		IRAN
1863		PHILIPPINES
1863		TURKEY
1864		CANADA
1864		HAITI
1864		IRAN
1864		IRAN
1864		MEXICO
1865		GREECE
1865		INDONESIA
1865		IRAQ
1865		ITALY
1865		JAPAN
1865		PERU
1865		PERU
1865		USA
1865		USA
1866		ALBANIA
1866		ALBANIA
1866		GREECE
1866		MEXICO
1866		NEPAL
1866		PHILIPPINES
1866		USA
1867		ALGERIA
1867		GREECE
1867		INDONESIA
1867		IRAQ
1867		USA TERRITORY
1867		USA TERRITORY
1867		VENEZUELA
1868		CHILE
1868		CHILE
1868		COLOMBIA
1868		IRAN
1868		ITALY
1868		MEXICO
1868		MEXICO
1868		MEXICO
1868		MEXICO
1868		PERU
1868		USA
1868		USA TERRITORY
1868		VENEZUELA
1869		ALBANIA
1869		ALGERIA
1869		CHILE
1869		CHILE
1869		CHILE
1869		CHILE
1869		COLOMBIA
1869		GREECE
1869		INDIA
1869		PERU
1869		PERU
1869		PHILIPPINES
1869		USA
1869		USA
1869		VENEZUELA
1870		CHILE
1870		CROATIA
1870		GUADELOUPE
1870		GUATEMALA
1870		ITALY
1870		ITALY
1870		ITALY
1870		NICARAGUA
1870		PHILIPPINES
1870		VENEZUELA
1871		BRITISH VIRGIN ISLANDS
1871		CHILE
1871		CHILE
1871		INDONESIA
1871		ITALY
1871		MEXICO
1871		PERU
1871		PERU
1871		PHILIPPINES
1871		PHILIPPINES
1871		USA
1871		USA TERRITORY
1872		GREECE
1872		IRAN
1872		IRAN
1872		JAPAN
1872		MEXICO
1872		PHILIPPINES
1872		USA
1872		USA
1873		CHILE
1873		CHILE
1873		EL SALVADOR
1873		EL SALVADOR
1873		FRANCE
1873		GREECE
1873		GREECE
1873		ITALY
1873		ITALY
1873		PANAMA
1874		AFGHANISTAN
1874		BANGLADESH
1874		GUATEMALA
1874		MEXICO
1874		PHILIPPINES
1874		PHILIPPINES
1874		USA TERRITORY
1874		VENEZUELA
1875		GREECE
1875		GREECE
1875		INDONESIA
1875		MEXICO
1875		PHILIPPINES
1875		PHILIPPINES
1875		TURKEY
1875		USA TERRITORY
1876		JAPAN
1876		TURKEY
1877		CHILE
1877		CHILE
1877		CHILE
1877		CHILE
1877		COLOMBIA
1877		PERU
1877		USA
1878		CHILE
1878		CHILE
1878		CHILE
1878		CHILE
1878		COLOMBIA
1878		CROATIA
1878		EL SALVADOR
1878		MEXICO
1878		PAPUA NEW GUINEA
1878		PERU
1878		PHILIPPINES
1878		USA
1878		USA
1878		VANUATU
1878		VENEZUELA
1879		EL SALVADOR
1879		ITALY
1879		PHILIPPINES
1879		USA
1879		VENEZUELA
1880		ARMENIA
1880		CROATIA
1880		CUBA
1880		IRAN
1880		IRAN
1880		JAPAN
1880		PHILIPPINES
1880		PHILIPPINES
1880		TURKEY
1880		USA
1881		CHILE
1881		CHILE
1881		COSTA RICA
1881		FIJI
1881		GREECE
1881		GREECE
1881		IRAN
1881		ITALY
1881		JAMAICA
1881		NICARAGUA
1881		PHILIPPINES
1881		PHILIPPINES
1881		TONGA
1881		TURKEY
1882		CHILE
1882		CHILE
1882		ITALY
1882		MEXICO
1882		SRI LANKA
1883		ITALY
1884		EL SALVADOR
1884		FIJI
1884		IRAN
1884		USA
1885		ALGERIA
1885		CHILE
1885		COLOMBIA
1885		GREECE
1885		ICELAND
1885		INDIA
1885		INDIA
1885		INDONESIA
1885		MEXICO
1885		NICARAGUA
1885		PHILIPPINES
1885		PHILIPPINES
1886		INDONESIA
1886		VENEZUELA
1887		ALGERIA
1887		GREECE
1887		HAITI
1887		INDONESIA
1887		ITALY
1887		ITALY
1887		ITALY
1887		MEXICO
1887		MEXICO
1887		PHILIPPINES
1887		PHILIPPINES
1888		CHINA
1888		COSTA RICA
1888		GREECE
1888		INDONESIA
1888		IRAN
1888		URUGUAY
1888		VENEZUELA
1889		GREECE
1889		MEXICO
1889		MEXICO
1890		INDONESIA
1890		INDONESIA
1890		PHILIPPINES
1891		ALGERIA
1891		INDONESIA
1891		MEXICO
1891		TURKEY
1891		USA
1892		CHILE
1892		INDONESIA
1892		JAPAN
1892		MEXICO
1892		PAKISTAN
1892		PHILIPPINES
1892		PHILIPPINES
1892		USA
1892		VANUATU
1893		ITALY
1893		JAMAICA
1893		JAPAN
1893		PHILIPPINES
1893		RUSSIA
1893		SERBIA AND MONTENEGRO
1894		IRAN
1894		IRAN
1894		ITALY
1894		PHILIPPINES
1894		PHILIPPINES
1894		TURKEY
1894		VENEZUELA
1895		ALBANIA
1895		ALBANIA
1895		CHILE
1895		GREECE
1895		IRAN
1895		ITALY
1895		ITALY
1895		JAPAN
1895		MYANMAR (BURMA)
1895		PHILIPPINES
1895		USA
1896		CHILE
1896		ICELAND
1896		INDONESIA
1896		IRAN
1896		IRAN
1896		IRAN
1896		ITALY
1896		JAMAICA
1896		JAPAN
1896		JAPAN
1896		MEXICO
1897		ALBANIA
1897		DOMINICAN REPUBLIC
1897		GUADELOUPE
1897		ITALY
1897		MONTSERRAT
1897		NEW ZEALAND
1897		PHILIPPINES
1898		CROATIA
1898		GREECE
1898		ITALY
1898		USA
1899		AUSTRALIA
1899		JAPAN
1899		PAPUA NEW GUINEA
1899		PAPUA NEW GUINEA
1899		VENEZUELA
1900		INDONESIA
1900		INDONESIA
1900		PAPUA NEW GUINEA
1900		USA
1900		VENEZUELA
1900		VENEZUELA
1901		JAPAN
1901		PHILIPPINES
1902		IRAN
1902		IRAN
1902		PHILIPPINES
1902		USA
1903		CHILE
1903		ITALY
1903		ITALY
1903		MEXICO
1903		TAIWAN
1903		TURKEY
1903		USA TERRITORY
1904		INDONESIA
1905		IRAN
1905		ITALY
1905		MEXICO
1905		SYRIA
1905		TUNISIA
1905		VANUATU
1905		VANUATU
1905		VANUATU
1906		CHILE
1906		COLOMBIA
1906		ECUADOR
1906		ITALY
1906		SAINT LUCIA
1906		VENEZUELA
1907		INDONESIA
1907		ITALY
1907		PERU
1907		PHILIPPINES
1907		PHILIPPINES
1907		TONGA
1909		CAMEROON
1909		ITALY
1909		ITALY
1909		ITALY
1909		ITALY
1909		MOROCCO
1909		PAKISTAN
1909		PHILIPPINES
1909		VANUATU
1910		COSTA RICA
1910		COSTA RICA
1910		MOROCCO
1911		ALBANIA
1911		PAPUA NEW GUINEA
1911		PHILIPPINES
1912		MEXICO
1912		MEXICO
1912		MICRONESIA, FED. STATES OF
1912		PHILIPPINES
1913		ITALY
1914		ITALY
1914		NEW ZEALAND
1914		PERU
1914		PERU
1914		PERU
1915		INDONESIA
1915		PHILIPPINES
1916		COSTA RICA
1916		PHILIPPINES
1916		VENEZUELA
1917		ITALY
1917		ITALY
1917		ITALY
1918		GUATEMALA
1918		IRAN
1918		PHILIPPINES
1918		USA TERRITORY
1918		USA TERRITORY
1919		GREECE
1919		INDONESIA
1919		ITALY
1919		ITALY
1919		PHILIPPINES
1919		VENEZUELA
1920		INDONESIA
1921		CHINA
1921		INDONESIA
1921		ITALY
1921		ITALY
1921		ITALY
1921		PHILIPPINES
1922		CHILE
1922		INDONESIA
1922		INDONESIA
1922		INDONESIA
1922		ITALY
1922		JAPAN
1922		PHILIPPINES
1923		CHILE
1923		COLOMBIA
1923		CROATIA
1923		INDONESIA
1923		ITALY
1923		ITALY
1923		JAPAN
1924		ICELAND
1924		INDONESIA
1924		INDONESIA
1924		ITALY
1924		ITALY
1924		JAPAN
1925		INDONESIA
1925		ITALY
1925		ITALY
1925		ITALY
1925		ITALY
1925		ITALY
1926		AZORES (PORTUGAL)
1926		INDONESIA
1926		INDONESIA
1926		ITALY
1926		ITALY
1926		MOROCCO
1926		SERBIA AND MONTENEGRO
1926		USA
1927		ITALY
1927		ITALY
1927		ITALY
1927		ITALY
1927		ITALY
1927		ITALY
1927		ITALY
1927		SLOVENIA
1928		FRANCE
1928		ITALY
1928		JAPAN
1928		TONGA
1929		MYANMAR (BURMA)
1929		USA
1930		INDONESIA
1930		ITALY
1930		ITALY
1930		KENYA
1930		MYANMAR (BURMA)
1930		NICARAGUA
1930		SPAIN
1931		ITALY
1931		ITALY
1931		ITALY
1931		ITALY
1931		ITALY
1931		ITALY
1931		ITALY
1931		MYANMAR (BURMA)
1931		NEW ZEALAND
1932		EL SALVADOR
1932		INDONESIA
1932		PHILIPPINES
1932		USA
1932		VENEZUELA
1933		ITALY
1933		ITALY
1933		JAPAN
1933		PAPUA NEW GUINEA
1933		TOGO
1934		AZORES (PORTUGAL)
1934		HONDURAS
1934		ICELAND
1934		PAPUA NEW GUINEA
1934		TURKEY
1934		TURKEY
1935		COLOMBIA
1935		ITALY
1935		JAPAN
1935		JAPAN
1935		JAPAN
1935		MEXICO
1936		COLOMBIA
1936		EL SALVADOR
1936		INDONESIA
1936		JAPAN
1936		JAPAN
1937		EL SALVADOR
1937		INDONESIA
1937		MEXICO
1937		NICARAGUA
1937		PAPUA NEW GUINEA
1937		RUSSIA
1938		COLOMBIA
1938		INDONESIA
1938		JAPAN
1938		JAPAN
1938		JAPAN
1938		JAPAN
1938		MEXICO
1938		MEXICO
1938		NICARAGUA
1938		NICARAGUA
1938		PAPUA NEW GUINEA
1939		ITALY
1939		PERU
1939		PERU
1940		ARGENTINA
1940		NICARAGUA
1940		TURKEY
1941		ITALY
1941		TUNISIA
1942		ARGENTINA
1942		MEXICO
1942		TURKEY
1942		TURKEY
1942		TURKEY
1943		BOSNIA-HERZEGOVINA
1943		ITALY
1943		JAPAN
1943		TURKEY
1945		IRAN
1945		JAPAN
1945		TURKEY
1945		TURKEY
1945		TURKEY
1946		IRAN
1946		IRAN
1946		USA
1947		COLOMBIA
1947		EL SALVADOR
1948		ITALY
1948		JAPAN
1949		GREECE
1949		ITALY
1949		RUSSIA
1949		USA
1950		BRAZIL
1950		COLOMBIA
1950		IRAN
1950		PANAMA
1950		TURKEY
1951		ITALY
1951		PAPUA NEW GUINEA
1951		PAPUA NEW GUINEA
1951		USA
1952		CHINA
1952		COSTA RICA
1952		COSTA RICA
1952		TURKEY
1952		USA
1953		IRAN
1953		IRAN
1953		TURKEY
1954		AFGHANISTAN
1954		ALGERIA
1955		GREECE
1955		PAKISTAN
1955		PERU
1955		USA
1955		VENEZUELA
1956		CHILE
1956		JAPAN
1956		SPAIN
1957		INDONESIA
1957		IRAN
1957		IRAN
1957		SOLOMON ISLANDS
1958		AZORES (PORTUGAL)
1958		COLOMBIA
1958		IRAN
1958		IRAN
1958		ITALY
1958		ITALY
1958		PERU
1958		RUSSIA
1958		RUSSIA
1959		ITALY
1959		ITALY
1959		ITALY
1959		JAPAN
1959		JAPAN
1959		PERU
1960		ECUADOR
1960		INDIA
1960		INDONESIA
1960		PHILIPPINES
1961		IRAN
1961		IRAN
1961		ITALY
1961		JAPAN
1961		JAPAN
1961		JAPAN
1961		JAPAN
1961		JAPAN
1961		JAPAN
1961		RUSSIA
1961		USA
1962		IRAN
1962		JAPAN
1963		ITALY
1964		IRAN
1964		JAPAN
1966		TURKEY
1966		UZBEKISTAN
1968		IRAN
1968		JAPAN
1969		JAPAN
1976		IRAN
1977		IRAN
1978		ITALY
-198		GREECE
-2000		SYRIA
2008		BRAZIL
2016		POLAND
-210		PORTUGAL
-217		ITALY
-218		SPAIN
-221		EGYPT
-223		GREECE
23		GREECE
251		GREECE
253		TURKEY
258		ITALY
25		PAKISTAN
262		TURKEY
-26		CYPRUS
-27		EGYPT
-282		GREECE
-282		TURKEY
29		TURKEY
306		LEBANON
315		ISRAEL
324		ITALY
-326		INDIA
334		ALBANIA
-33		ISRAEL
33		ISRAEL
340		TURKEY
341		TURKEY
342		ALBANIA
342		TURKEY
344		CHINA
344		ITALY
344		TURKEY
348		LEBANON
350		TURKEY
355		TURKEY
358		TURKEY
361		MACEDONIA
362		TURKEY
-364		ITALY
367		TURKEY
368		TURKEY
369		ITALY
382		PORTUGAL
394		TURKEY
396		TURKEY
412		TUNISIA
419		ISRAEL
425		ISRAEL
-432		GREECE
438		GREECE
440		TURKEY
448		GREECE
450		TURKEY
457		TURKEY
458		TURKEY
460		THAILAND
470		FRANCE
477		TURKEY
-47		CHINA
-480		GREECE
494		LEBANON
499		CHINA
50		AFGHANISTAN
-50		BULGARIA
518		MACEDONIA
521		GREECE
522		ALBANIA
522		SYRIA
-525		LEBANON
527		GREECE
52		GREECE
52		TURKEY
533		SYRIA
-550		GREECE
551		GREECE
551		LEBANON
552		SYRIA
553		LEBANON
554		TURKEY
555		TURKEY
557		TURKEY
557		TURKEY
558		ITALY
55		GREECE
565		TURKEY
567		SLOVENIA
579		TURKEY
57		ALBANIA
581		TURKEY
587		TURKEY
-590		LEBANON
600		CHINA
60		TURKEY
614		ITALY
634		IRAN
63		ITALY
662		IRAN
678		IRAQ
688		TURKEY
713		TURKEY
715		TURKEY
716		TURKEY
742		SYRIA
748		SYRIA
749		IRAQ
758		ISRAEL
-759		ISRAEL
76		CYPRUS
777		CHINA
778		CHINA
793		ITALY
796		GREECE
79		ITALY
801		ITALY
802		ITALY
803		TURKEY
811		UK
820		CHINA
835		TURKEY
838		UZBEKISTAN
842		UK
844		SYRIA
845		IRAQ
846		TURKEY
847		IRAQ
847		ITALY
847		SYRIA
850		IRAN
853		ITALY
854		ARMENIA
854		FRANCE
854		TUNISIA
855		IRAN
856		GREECE
856		TUNISIA
857		EGYPT
858		IRAN
859		TURKEY
860		IRAQ
863		IRAN
863		IRAN
864		IRAN
867		TURKEY
881		ALGERIA
885		EGYPT
893		ARMENIA
896		ITALY
896		MACEDONIA
898		IRAN
910		IRAQ
912		IRAN
93		TURKEY
942		IRAN
943		TURKMENISTAN
951		SYRIA
956		IRAN
957		IRAN
957		IRAQ
958		IRAN
958		IRAQ
963		ITALY
972		TURKEY
977		IRAN
985		ITALY
986		IRAQ
990		ITALY
991		SYRIA
999		CHINA
YEAR	EQ_PRIMARY	COUNTRY
2007	 1.6	USA
2013	 2.1	USA
2004	 2.2	SLOVAKIA
2009	 3.1	AUSTRALIA
2011	 3.1	USA
1703	 3.2	ITALY
1999	 3.2	RUSSIA
2009	 3.4	CHINA
2015	 3.4	BOSNIA-HERZEGOVINA
1973	 3.5	ITALY
1982	 3.5	MEXICO
2009	 3.5	SOUTH AFRICA
2011	 3.5	INDIA
1992	 3.7	CHINA
2010	 3.7	USA
1991	 3.8	FRANCE
2006	 3.8	MALAWI
2008	 3.8	INDIA
2006	 3.9	SWITZERLAND
1885	 4.0	RUSSIA
1980	 4.0	GREECE
1981	 4.0	PAKISTAN
1990	 4.0	SOUTH AFRICA
2003	 4.0	USA
2004	 4.0	TURKEY
2011	 4.0	ECUADOR
1784	 4.1	ITALY
1784	 4.1	ITALY
1947	 4.1	IRAN
1986	 4.1	TURKEY
1991	 4.1	AFGHANISTAN
2000	 4.1	TURKEY
2004	 4.1	PHILIPPINES
2006	 4.1	HUNGARY
2006	 4.1	IRAN
2006	 4.1	TURKEY
2008	 4.1	ARGENTINA
2008	 4.1	CZECH REPUBLIC
2008	 4.1	TURKEY
2009	 4.1	INDIA
2012	 4.1	BRAZIL
2014	 4.1	GERMANY
1003	 4.2	TURKEY
1811	 4.2	GEORGIA
1969	 4.2	ECUADOR
1983	 4.2	PAKISTAN
1985	 4.2	TURKEY
1990	 4.2	SOUTH AFRICA
1999	 4.2	BANGLADESH
2000	 4.2	CHINA
2001	 4.2	USA
2002	 4.2	FRANCE
2005	 4.2	CHINA
2006	 4.2	INDIA
2007	 4.2	USA
2007	 4.2	USA
2013	 4.2	RUSSIA
2017	 4.2	ITALY
1842	 4.3	AZERBAIJAN
1872	 4.3	UKRAINE
1878	 4.3	MEXICO
1895	 4.3	USA
1898	 4.3	IRAN
1911	 4.3	ITALY
1928	 4.3	TURKEY
1975	 4.3	ALGERIA
1985	 4.3	ITALY
1987	 4.3	ALGERIA
1988	 4.3	PAPUA NEW GUINEA
2001	 4.3	CHINA
2002	 4.3	GEORGIA
2002	 4.3	ITALY
2005	 4.3	INDIA
2005	 4.3	SOUTH AFRICA
2005	 4.3	TURKEY
2006	 4.3	FRANCE
2007	 4.3	INDIA
2008	 4.3	BRAZIL
2008	 4.3	INDIA
2011	 4.3	INDIA
2011	 4.3	TURKEY
1972	 4.4	ITALY
1978	 4.4	SPAIN
1982	 4.4	ITALY
1989	 4.4	TURKEY
1989	 4.4	USA TERRITORY
1990	 4.4	ECUADOR
1992	 4.4	INDONESIA
1999	 4.4	PERU
2002	 4.4	EGYPT
2003	 4.4	BULGARIA
2003	 4.4	RUSSIA
2004	 4.4	ALGERIA
2004	 4.4	CHINA
2005	 4.4	INDIA
2005	 4.4	INDIA
2005	 4.4	SPAIN
2005	 4.4	TURKEY
2007	 4.4	INDIA
2009	 4.4	NICARAGUA
2010	 4.4	CHINA
2010	 4.4	USA TERRITORY
2015	 4.4	SERBIA AND MONTENEGRO
2017	 4.4	TANZANIA
1735	 4.5	COLOMBIA
1854	 4.5	IRAN
1868	 4.5	GEORGIA
1956	 4.5	SLOVENIA
1962	 4.5	GREECE
1963	 4.5	IRAN
1972	 4.5	IRAN
1974	 4.5	SLOVENIA
1978	 4.5	GUATEMALA
1978	 4.5	TURKEY
1980	 4.5	ITALY
1982	 4.5	CANADA
1984	 4.5	GREECE
1985	 4.5	GUATEMALA
1986	 4.5	PAKISTAN
1990	 4.5	KAZAKHSTAN
1991	 4.5	MALAYSIA
1991	 4.5	TURKEY
1991	 4.5	TURKEY
1998	 4.5	CHINA
2000	 4.5	SOUTH AFRICA
2001	 4.5	BANGLADESH
2002	 4.5	BANGLADESH
2003	 4.5	DOMINICAN REPUBLIC
2003	 4.5	TURKEY
2004	 4.5	ALGERIA
2004	 4.5	ALGERIA
2004	 4.5	PAKISTAN
2005	 4.5	CHINA
2005	 4.5	VIETNAM
2006	 4.5	ALBANIA
2006	 4.5	CHINA
2006	 4.5	CHINA
2006	 4.5	PANAMA
2007	 4.5	ALBANIA
2007	 4.5	CHINA
2007	 4.5	ECUADOR
2007	 4.5	USA
2008	 4.5	CHINA
2008	 4.5	INDIA
2008	 4.5	IRAN
2010	 4.5	INDIA
2010	 4.5	NEW ZEALAND
2011	 4.5	IRAN
2014	 4.5	AUSTRALIA
2014	 4.5	PAKISTAN
319	 4.5	CHINA
856	 4.5	ARMENIA
1964	 4.6	AZORES (PORTUGAL)
1966	 4.6	TURKEY
1968	 4.6	ITALY
1968	 4.6	KENYA
1968	 4.6	NICARAGUA
1971	 4.6	ITALY
1977	 4.6	SLOVENIA
1981	 4.6	ITALY
1982	 4.6	CHINA
1983	 4.6	TURKMENISTAN
1986	 4.6	PERU
1987	 4.6	IRAN
1987	 4.6	ITALY
1988	 4.6	CHINA
1990	 4.6	COSTA RICA
1990	 4.6	KYRGYZSTAN
1992	 4.6	IRAN
1993	 4.6	INDIA
1994	 4.6	USA
1999	 4.6	CHINA
2000	 4.6	INDIA
2003	 4.6	INDONESIA
2003	 4.6	USA
2004	 4.6	AFGHANISTAN
2004	 4.6	SAUDI ARABIA
2006	 4.6	BULGARIA
2006	 4.6	CHINA
2006	 4.6	THAILAND
2007	 4.6	BRAZIL
2007	 4.6	JAPAN
2007	 4.6	UK
2008	 4.6	ALGERIA
2009	 4.6	PERU
2009	 4.6	SAUDI ARABIA
2015	 4.6	CHINA
2016	 4.6	SOUTH KOREA
1889	 4.7	COTE D'IVOIRE
1909	 4.7	MEXICO
1964	 4.7	CHINA
1969	 4.7	ITALY
1979	 4.7	GUATEMALA
1983	 4.7	MACEDONIA
1984	 4.7	SERBIA AND MONTENEGRO
1984	 4.7	UK
1986	 4.7	GUATEMALA
1988	 4.7	JAMAICA
1989	 4.7	CHINA
1989	 4.7	IRAN
1990	 4.7	IRAN
1990	 4.7	UK
1991	 4.7	COSTA RICA
1991	 4.7	PERU
1991	 4.7	YEMEN
1992	 4.7	IRAN
1997	 4.7	ALBANIA
2002	 4.7	RWANDA
2003	 4.7	CHINA
2003	 4.7	GERMANY
2003	 4.7	ITALY
2004	 4.7	BURUNDI
2005	 4.7	CHINA
2005	 4.7	INDIA
2006	 4.7	CHINA
2006	 4.7	CHINA
2006	 4.7	FRANCE
2006	 4.7	TAJIKISTAN
2007	 4.7	CHINA
2007	 4.7	INDIA
2007	 4.7	IRAN
2008	 4.7	MYANMAR (BURMA)
2010	 4.7	CHINA
2010	 4.7	PAKISTAN
2015	 4.7	CHINA
1327	 4.8	CHINA
1372	 4.8	CHINA
1531	 4.8	CHINA
1855	 4.8	CHINA
1882	 4.8	SLOVENIA
1921	 4.8	CENTRAL AFRICAN REPUBLIC
1940	 4.8	ITALY
1944	 4.8	IRAN
1966	 4.8	TURKEY
1969	 4.8	USA
1970	 4.8	IRAN
1971	 4.8	IRAN
1972	 4.8	ITALY
1976	 4.8	TURKEY
1980	 4.8	INDIA
1981	 4.8	PERU
1986	 4.8	BRAZIL
1986	 4.8	GREECE
1986	 4.8	SOUTH AFRICA
1987	 4.8	USA
1990	 4.8	INDONESIA
1999	 4.8	SPAIN
2002	 4.8	GERMANY
2002	 4.8	UK
2003	 4.8	NEW ZEALAND
2004	 4.8	GERMANY
2004	 4.8	IRAN
2004	 4.8	POLAND
2005	 4.8	CHINA
2005	 4.8	CHINA
2005	 4.8	ECUADOR
2005	 4.8	INDONESIA
2006	 4.8	HUNGARY
2006	 4.8	PAKISTAN
2007	 4.8	INDONESIA
2007	 4.8	IRAN
2007	 4.8	PAKISTAN
2008	 4.8	CHINA
2008	 4.8	UK
2010	 4.8	BANGLADESH
2010	 4.8	CHINA
2011	 4.8	CHINA
2013	 4.8	ALGERIA
2016	 4.8	RWANDA
2017	 4.8	EL SALVADOR
1840	 4.9	SLOVENIA
1845	 4.9	SLOVENIA
1872	 4.9	GHANA
1914	 4.9	ITALY
1916	 4.9	SLOVENIA
1961	 4.9	CHINA
1963	 4.9	SLOVENIA
1968	 4.9	ALGERIA
1970	 4.9	TURKEY
1976	 4.9	TURKEY
1977	 4.9	IRAN
1977	 4.9	TURKEY
1978	 4.9	JAPAN
1979	 4.9	TURKEY
1980	 4.9	INDIA
1980	 4.9	PERU
1983	 4.9	COLOMBIA
1983	 4.9	IRAN
1986	 4.9	VENEZUELA
1987	 4.9	CHINA
1990	 4.9	PERU
1991	 4.9	GEORGIA
1997	 4.9	PAKISTAN
2002	 4.9	TAJIKISTAN
2003	 4.9	INDONESIA
2004	 4.9	RUSSIA
2005	 4.9	INDIA
2005	 4.9	PAKISTAN
2006	 4.9	ALGERIA
2006	 4.9	CHINA
2006	 4.9	CHINA
2006	 4.9	PAKISTAN
2007	 4.9	PHILIPPINES
2008	 4.9	IRAN
2008	 4.9	RWANDA
2009	 4.9	CHINA
2009	 4.9	INDIA
2009	 4.9	JAPAN
2010	 4.9	CHINA
2010	 4.9	IRAN
2012	 4.9	CHINA
2013	 4.9	ALGERIA
2013	 4.9	CHINA
2014	 4.9	PERU
863	 4.9	TURKEY
1361	 5.0	CHINA
1505	 5.0	CHINA
1535	 5.0	CHINA
1551	 5.0	CHINA
1579	 5.0	CHINA
1628	 5.0	SLOVENIA
1631	 5.0	CHINA
1649	 5.0	ITALY
1679	 5.0	CHINA
1699	 5.0	SLOVENIA
1789	 5.0	CHINA
1799	 5.0	COLOMBIA
1834	 5.0	CHINA
1850	 5.0	CHINA
1885	 5.0	CHINA
1888	 5.0	CHINA
1905	 5.0	CHINA
1906	 5.0	GHANA
1911	 5.0	FRANCE
1927	 5.0	CHINA
1928	 5.0	GREECE
1928	 5.0	IRAN
1930	 5.0	ALBANIA
1930	 5.0	IRAN
1932	 5.0	CHINA
1933	 5.0	CHINA
1936	 5.0	SOUTH KOREA
1937	 5.0	CHINA
1943	 5.0	ALGERIA
1943	 5.0	CHINA
1943	 5.0	PERU
1952	 5.0	TURKEY
1953	 5.0	CHINA
1954	 5.0	CHINA
1954	 5.0	IRAN
1956	 5.0	CHINA
1956	 5.0	CHINA
1957	 5.0	CHINA
1959	 5.0	CHINA
1959	 5.0	RUSSIA
1962	 5.0	IRAN
1966	 5.0	VENEZUELA
1967	 5.0	ALGERIA
1968	 5.0	ARMENIA
1968	 5.0	ARMENIA
1974	 5.0	COLOMBIA
1975	 5.0	IRAN
1978	 5.0	ITALY
1980	 5.0	COLOMBIA
1983	 5.0	BELGIUM
1983	 5.0	IRAN
1983	 5.0	ITALY
1985	 5.0	MACEDONIA
1986	 5.0	CHILE
1986	 5.0	INDONESIA
1986	 5.0	IRAN
1988	 5.0	TAJIKISTAN
1989	 5.0	JAPAN
1989	 5.0	RUSSIA
1991	 5.0	INDIA
1991	 5.0	IRAN
1997	 5.0	SOUTH AFRICA
1999	 5.0	CHINA
2000	 5.0	USA
2001	 5.0	AFGHANISTAN
2003	 5.0	FRANCE
2003	 5.0	IRAN
2004	 5.0	IRAN
2004	 5.0	IRAN
2006	 5.0	INDONESIA
2007	 5.0	COLOMBIA
2007	 5.0	IRAN
2008	 5.0	ATLANTIC OCEAN
2008	 5.0	BANGLADESH
2008	 5.0	CHINA
2008	 5.0	INDIA
2008	 5.0	IRAN
2008	 5.0	LEBANON
2008	 5.0	USA
2010	 5.0	IRAN
2010	 5.0	NEW ZEALAND
2010	 5.0	NEW ZEALAND
2011	 5.0	CHINA
2011	 5.0	INDIA
2011	 5.0	PHILIPPINES
2011	 5.0	USA
2012	 5.0	INDIA
2016	 5.0	USA
2017	 5.0	IRAN
2017	 5.0	PHILIPPINES
2017	 5.0	TURKEY
1277	 5.1	ITALY
1640	 5.1	IRAN
1905	 5.1	RUSSIA
1916	 5.1	ITALY
1922	 5.1	ALGERIA
1963	 5.1	IRAN
1965	 5.1	IRAN
1966	 5.1	CHINA
1968	 5.1	ITALY
1968	 5.1	TURKEY
1969	 5.1	TURKEY
1970	 5.1	NEW ZEALAND
1970	 5.1	RUSSIA
1971	 5.1	IRAN
1973	 5.1	AZORES (PORTUGAL)
1973	 5.1	NEW ZEALAND
1976	 5.1	GUATEMALA
1977	 5.1	ROMANIA
1980	 5.1	USA
1982	 5.1	HONDURAS
1983	 5.1	SERBIA AND MONTENEGRO
1984	 5.1	BOSNIA-HERZEGOVINA
1984	 5.1	USA
1987	 5.1	JAPAN
1987	 5.1	PERU
1989	 5.1	BANGLADESH
1989	 5.1	IRAN
1990	 5.1	TURKEY
1991	 5.1	AFGHANISTAN
1991	 5.1	IRAQ
1991	 5.1	USA
1993	 5.1	IRAN
1993	 5.1	IRAN
1993	 5.1	NEPAL
1999	 5.1	CHINA
2000	 5.1	AFGHANISTAN
2000	 5.1	CHINA
2003	 5.1	CHINA
2004	 5.1	INDONESIA
2004	 5.1	ITALY
2004	 5.1	TURKEY
2005	 5.1	INDIA
2005	 5.1	IRAN
2006	 5.1	IRAN
2007	 5.1	BANGLADESH
2007	 5.1	INDIA
2007	 5.1	PHILIPPINES
2007	 5.1	TURKEY
2008	 5.1	MEXICO
2009	 5.1	INDIA
2009	 5.1	IRAN
2010	 5.1	ETHIOPIA
2010	 5.1	INDONESIA
2010	 5.1	NEW ZEALAND
2010	 5.1	TAJIKISTAN
2011	 5.1	CHINA
2011	 5.1	EL SALVADOR
2011	 5.1	SPAIN
2012	 5.1	CHINA
2012	 5.1	ITALY
2013	 5.1	CHINA
2013	 5.1	GREECE
2013	 5.1	INDONESIA
2014	 5.1	ALBANIA
2014	 5.1	CHINA
2014	 5.1	ECUADOR
2014	 5.1	NICARAGUA
2014	 5.1	USA
2015	 5.1	INDIA
2015	 5.1	PAKISTAN
2017	 5.1	MYANMAR (BURMA)
1646	 5.2	ITALY
1727	 5.2	ITALY
1795	 5.2	SIERRA LEONE
1840	 5.2	USA
1875	 5.2	UKRAINE
1928	 5.2	GREECE
1930	 5.2	USA
1937	 5.2	ALGERIA
1963	 5.2	IRAN
1964	 5.2	INDONESIA
1966	 5.2	CHINA
1966	 5.2	CHINA
1966	 5.2	COLOMBIA
1971	 5.2	INDONESIA
1971	 5.2	ITALY
1973	 5.2	IRAN
1974	 5.2	TURKEY
1975	 5.2	RUSSIA
1976	 5.2	SOUTH AFRICA
1977	 5.2	INDONESIA
1979	 5.2	GREECE
1980	 5.2	IRAN
1980	 5.2	TAJIKISTAN
1980	 5.2	USA
1981	 5.2	PERU
1983	 5.2	JAPAN
1983	 5.2	TAJIKISTAN
1984	 5.2	INDONESIA
1984	 5.2	ITALY
1986	 5.2	PAKISTAN
1987	 5.2	PHILIPPINES
1989	 5.2	VENEZUELA
1991	 5.2	VENEZUELA
1992	 5.2	NETHERLANDS
1998	 5.2	ITALY
1999	 5.2	TURKEY
2002	 5.2	IRAN
2002	 5.2	IRAN
2002	 5.2	USA
2003	 5.2	GREECE
2003	 5.2	IRAN
2003	 5.2	IRAN
2003	 5.2	JAPAN
2003	 5.2	USA
2004	 5.2	AFGHANISTAN
2004	 5.2	CHINA
2004	 5.2	GREECE
2004	 5.2	GREECE
2004	 5.2	IRAN
2004	 5.2	SLOVENIA
2004	 5.2	TAIWAN
2005	 5.2	ALBANIA
2005	 5.2	CHINA
2006	 5.2	INDONESIA
2007	 5.2	TAJIKISTAN
2008	 5.2	VENEZUELA
2009	 5.2	BHUTAN
2009	 5.2	INDIA
2009	 5.2	MYANMAR (BURMA)
2010	 5.2	ALGERIA
2010	 5.2	AUSTRALIA
2010	 5.2	CANADA
2010	 5.2	INDIA
2010	 5.2	PAKISTAN
2012	 5.2	IRAN
2014	 5.2	PHILIPPINES
2015	 5.2	CHINA
851	 5.2	ARMENIA
858	 5.2	TURKEY
1088	 5.3	GEORGIA
1507	 5.3	CHINA
1688	 5.3	RUSSIA
1814	 5.3	CHINA
1827	 5.3	CHINA
1884	 5.3	TAIWAN
1906	 5.3	CHINA
1923	 5.3	COLOMBIA
1924	 5.3	TURKEY
1926	 5.3	ITALY
1931	 5.3	GREECE
1939	 5.3	TURKEY
1947	 5.3	ALGERIA
1954	 5.3	CHINA
1956	 5.3	NEW ZEALAND
1960	 5.3	CHINA
1962	 5.3	FRANCE
1962	 5.3	TUNISIA
1963	 5.3	INDIA
1966	 5.3	CHINA
1967	 5.3	FRANCE
1968	 5.3	IRAN
1968	 5.3	IRAN
1968	 5.3	SERBIA AND MONTENEGRO
1970	 5.3	PHILIPPINES
1971	 5.3	IRAN
1971	 5.3	IRAN
1972	 5.3	FRANCE
1972	 5.3	IRAN
1978	 5.3	GERMANY
1979	 5.3	SERBIA AND MONTENEGRO
1980	 5.3	GUATEMALA
1981	 5.3	EGYPT
1983	 5.3	CHINA
1983	 5.3	JAPAN
1984	 5.3	ITALY
1984	 5.3	TURKEY
1985	 5.3	IRAN
1986	 5.3	INDIA
1986	 5.3	PERU
1988	 5.3	AZORES (PORTUGAL)
1989	 5.3	CHINA
1989	 5.3	TAJIKISTAN
1990	 5.3	IRAN
1990	 5.3	ITALY
1992	 5.3	EGYPT
1994	 5.3	CHINA
1998	 5.3	ALBANIA
1999	 5.3	CHINA
1999	 5.3	IRAN
2000	 5.3	IRAN
2002	 5.3	CHINA
2002	 5.3	MEXICO
2002	 5.3	TAJIKISTAN
2003	 5.3	CHINA
2003	 5.3	ITALY
2004	 5.3	JORDAN
2005	 5.3	INDIA
2005	 5.3	INDONESIA
2005	 5.3	NEW ZEALAND
2005	 5.3	PERU
2005	 5.3	TURKEY
2006	 5.3	INDIA
2008	 5.3	PERU
2008	 5.3	USA
2009	 5.3	BHUTAN
2009	 5.3	MACEDONIA
2011	 5.3	CHINA
2011	 5.3	CHINA
2011	 5.3	CHINA
2011	 5.3	CHINA
2011	 5.3	NEW ZEALAND
2012	 5.3	IRAN
2012	 5.3	TURKEY
2013	 5.3	INDONESIA
2013	 5.3	PERU
2013	 5.3	RUSSIA
2014	 5.3	IRAN
2014	 5.3	IRAN
2014	 5.3	SOUTH AFRICA
2015	 5.3	VENEZUELA
2016	 5.3	MACEDONIA
243	 5.3	ITALY
894	 5.3	ITALY
978	 5.3	IRAN
1928	 5.4	IRAN
1932	 5.4	CUBA
1932	 5.4	IRAN
1954	 5.4	AUSTRALIA
1959	 5.4	CHINA
1963	 5.4	LIBYA
1964	 5.4	CHINA
1966	 5.4	CHINA
1967	 5.4	CHINA
1968	 5.4	IRAN
1969	 5.4	PAPUA NEW GUINEA
1970	 5.4	INDIA
1970	 5.4	PERU
1972	 5.4	CHILE
1974	 5.4	IRAN
1977	 5.4	IRAN
1979	 5.4	CHINA
1979	 5.4	INDONESIA
1980	 5.4	IRAN
1981	 5.4	COLOMBIA
1982	 5.4	INDONESIA
1984	 5.4	GREECE
1986	 5.4	EL SALVADOR
1988	 5.4	PHILIPPINES
1989	 5.4	AUSTRALIA
1989	 5.4	PAPUA NEW GUINEA
1990	 5.4	ITALY
1991	 5.4	IRAN
1992	 5.4	USA
1993	 5.4	IRAN
1994	 5.4	HAITI
1995	 5.4	JAPAN
1998	 5.4	IRAN
1998	 5.4	IRAN
1999	 5.4	AZERBAIJAN
2000	 5.4	INDONESIA
2000	 5.4	NICARAGUA
2000	 5.4	TAIWAN
2002	 5.4	IRAN
2002	 5.4	IRAN
2002	 5.4	PAKISTAN
2003	 5.4	CHINA
2003	 5.4	CHINA
2003	 5.4	PANAMA
2003	 5.4	TURKEY
2004	 5.4	CHINA
2004	 5.4	CHINA
2004	 5.4	CHINA
2004	 5.4	INDIA
2004	 5.4	INDONESIA
2004	 5.4	NEW ZEALAND
2004	 5.4	PAKISTAN
2004	 5.4	TURKEY
2005	 5.4	IRAN
2005	 5.4	PERU
2008	 5.4	INDONESIA
2008	 5.4	IRAN
2008	 5.4	USA
2009	 5.4	AFGHANISTAN
2009	 5.4	ECUADOR
2009	 5.4	KAZAKHSTAN
2009	 5.4	PAKISTAN
2009	 5.4	VENEZUELA
2010	 5.4	IRAN
2011	 5.4	NEPAL
2011	 5.4	USA
2012	 5.4	INDIA
2012	 5.4	IRAN
2013	 5.4	CHINA
2013	 5.4	HONDURAS
2014	 5.4	CHINA
2015	 5.4	PAKISTAN
2016	 5.4	ECUADOR
2016	 5.4	NEPAL
2016	 5.4	PAKISTAN
2016	 5.4	PERU
2016	 5.4	TAJIKISTAN
2017	 5.4	CHINA
1046	 5.5	TURKEY
1227	 5.5	CHINA
1310	 5.5	IRAQ
1351	 5.5	CHINA
1478	 5.5	CHINA
1488	 5.5	CHINA
1494	 5.5	CHINA
1514	 5.5	CHINA
1517	 5.5	CHINA
1520	 5.5	CHINA
1539	 5.5	CHINA
1560	 5.5	CHINA
1560	 5.5	CHINA
1586	 5.5	CHINA
1590	 5.5	CHINA
1611	 5.5	CHINA
1621	 5.5	CHINA
1634	 5.5	CHINA
1634	 5.5	CHINA
1664	 5.5	CHINA
1677	 5.5	CHINA
1694	 5.5	TAIWAN
1704	 5.5	CHINA
1710	 5.5	CHINA
1720	 5.5	TAIWAN
1725	 5.5	CHINA
1738	 5.5	CHINA
1748	 5.5	CHINA
1748	 5.5	CHINA
1748	 5.5	CHINA
1770	 5.5	CHINA
1776	 5.5	TAIWAN
1791	 5.5	CHINA
1822	 5.5	CHINA
1829	 5.5	CHINA
1834	 5.5	CHINA
1854	 5.5	CHINA
1855	 5.5	CHINA
1855	 5.5	NEW ZEALAND
1856	 5.5	CHINA
1856	 5.5	USA
1862	 5.5	CHINA
1863	 5.5	CHINA
1863	 5.5	CHINA
1868	 5.5	CHINA
1878	 5.5	CHINA
1880	 5.5	CHINA
1880	 5.5	TURKEY
1881	 5.5	TAIWAN
1881	 5.5	TAIWAN
1883	 5.5	CHINA
1884	 5.5	USA
1890	 5.5	CHINA
1893	 5.5	CHINA
1897	 5.5	INDONESIA
1898	 5.5	CHINA
1902	 5.5	CHINA
1902	 5.5	TURKEY
1906	 5.5	CHINA
1907	 5.5	USA
1911	 5.5	CHINA
1911	 5.5	CHINA
1917	 5.5	ITALY
1918	 5.5	CHINA
1923	 5.5	IRAN
1923	 5.5	PHILIPPINES
1925	 5.5	IRAN
1925	 5.5	IRAN
1926	 5.5	CHINA
1927	 5.5	CHINA
1929	 5.5	MYANMAR (BURMA)
1930	 5.5	CHINA
1930	 5.5	CHINA
1930	 5.5	TAIWAN
1933	 5.5	CHILE
1936	 5.5	CHINA
1936	 5.5	CHINA
1939	 5.5	CHINA
1940	 5.5	CHINA
1947	 5.5	CHINA
1947	 5.5	CHINA
1949	 5.5	CHINA
1951	 5.5	NICARAGUA
1952	 5.5	CHINA
1953	 5.5	PERU
1959	 5.5	ALGERIA
1959	 5.5	FRANCE
1962	 5.5	CHINA
1962	 5.5	CHINA
1962	 5.5	GREECE
1962	 5.5	IRAN
1962	 5.5	TURKEY
1963	 5.5	NICARAGUA
1965	 5.5	ALGERIA
1965	 5.5	CHINA
1966	 5.5	RUSSIA
1967	 5.5	CHINA
1967	 5.5	INDONESIA
1969	 5.5	ALBANIA
1969	 5.5	CHINA
1970	 5.5	CROATIA
1971	 5.5	RUSSIA
1973	 5.5	AUSTRALIA
1973	 5.5	GREECE
1973	 5.5	IRAN
1974	 5.5	CHINA
1975	 5.5	GREECE
1976	 5.5	AFGHANISTAN
1976	 5.5	ITALY
1976	 5.5	TURKEY
1977	 5.5	PAPUA NEW GUINEA
1981	 5.5	BOSNIA-HERZEGOVINA
1982	 5.5	CHINA
1982	 5.5	INDONESIA
1982	 5.5	MACEDONIA
1984	 5.5	JAPAN
1985	 5.5	GREECE
1986	 5.5	BOSNIA-HERZEGOVINA
1986	 5.5	TURKEY
1988	 5.5	CHINA
1990	 5.5	PHILIPPINES
1990	 5.5	USA
1991	 5.5	CHINA
1991	 5.5	PHILIPPINES
1991	 5.5	ROMANIA
1992	 5.5	PAKISTAN
1993	 5.5	SUDAN
1994	 5.5	USA
1998	 5.5	SERBIA AND MONTENEGRO
2000	 5.5	GREECE
2001	 5.5	CHINA
2001	 5.5	TURKEY
2002	 5.5	AFGHANISTAN
2002	 5.5	CHINA
2002	 5.5	KYRGYZSTAN
2002	 5.5	MEXICO
2002	 5.5	TANZANIA
2003	 5.5	BHUTAN
2003	 5.5	CHINA
2003	 5.5	INDONESIA
2003	 5.5	JAPAN
2004	 5.5	INDONESIA
2004	 5.5	JAPAN
2006	 5.5	GREECE
2006	 5.5	INDIA
2006	 5.5	INDIA
2006	 5.5	INDONESIA
2006	 5.5	TRINIDAD AND TOBAGO
2007	 5.5	IRAN
2008	 5.5	ALGERIA
2008	 5.5	NEW ZEALAND
2008	 5.5	PERU
2009	 5.5	CHINA
2009	 5.5	ITALY
2010	 5.5	SERBIA AND MONTENEGRO
2010	 5.5	VENEZUELA
2011	 5.5	CHINA
2011	 5.5	PHILIPPINES
2012	 5.5	CHINA
2013	 5.5	AFGHANISTAN
2015	 5.5	RWANDA
2016	 5.5	CHINA
2016	 5.5	INDONESIA
2017	 5.5	MADAGASCAR
-26	 5.5	CHINA
294	 5.5	CHINA
294	 5.5	CHINA
-50	 5.5	GEORGIA
649	 5.5	CHINA
743	 5.5	RUSSIA
999	 5.5	CHINA
1233	 5.6	ITALY
1613	 5.6	ITALY
1672	 5.6	ITALY
1788	 5.6	TOGO
1869	 5.6	UKRAINE
1871	 5.6	IRAN
1899	 5.6	TURKEY
1914	 5.6	TURKEY
1917	 5.6	SLOVENIA
1919	 5.6	ITALY
1920	 5.6	ALBANIA
1924	 5.6	ALGERIA
1930	 5.6	ALBANIA
1930	 5.6	SPAIN
1931	 5.6	NICARAGUA
1939	 5.6	CUBA
1944	 5.6	USA
1946	 5.6	ALGERIA
1946	 5.6	TURKEY
1957	 5.6	TUNISIA
1960	 5.6	ALGERIA
1966	 5.6	CHINA
1966	 5.6	INDIA
1967	 5.6	ALBANIA
1969	 5.6	IRAN
1969	 5.6	TURKEY
1973	 5.6	GREECE
1975	 5.6	INDONESIA
1975	 5.6	USA
1978	 5.6	GREECE
1978	 5.6	USA
1979	 5.6	GREECE
1980	 5.6	ECUADOR
1980	 5.6	NEW ZEALAND
1981	 5.6	GREECE
1982	 5.6	INDONESIA
1983	 5.6	CHINA
1984	 5.6	INDIA
1986	 5.6	BULGARIA
1986	 5.6	IRAN
1988	 5.6	ALGERIA
1989	 5.6	CHINA
1989	 5.6	INDONESIA
1990	 5.6	AFGHANISTAN
1990	 5.6	BOSNIA-HERZEGOVINA
1991	 5.6	NEW ZEALAND
1991	 5.6	ROMANIA
1991	 5.6	ROMANIA
1992	 5.6	JAPAN
1993	 5.6	CHINA
1993	 5.6	CHINA
1993	 5.6	GREECE
1993	 5.6	USA
1995	 5.6	CHINA
1997	 5.6	CHINA
1998	 5.6	CHINA
1998	 5.6	CHINA
1998	 5.6	CHINA
1999	 5.6	ALGERIA
2001	 5.6	CHINA
2001	 5.6	CHINA
2002	 5.6	CHILE
2002	 5.6	IRAN
2003	 5.6	CHINA
2003	 5.6	CHINA
2004	 5.6	IRAN
2004	 5.6	NICARAGUA
2004	 5.6	TURKEY
2004	 5.6	TURKEY
2004	 5.6	TURKEY
2005	 5.6	ETHIOPIA
2005	 5.6	TURKEY
2005	 5.6	USA
2006	 5.6	ARGENTINA
2006	 5.6	TAJIKISTAN
2007	 5.6	CHINA
2007	 5.6	TURKEY
2007	 5.6	USA
2008	 5.6	CHINA
2008	 5.6	COLOMBIA
2008	 5.6	COSTA RICA
2008	 5.6	GUATEMALA
2008	 5.6	KYRGYZSTAN
2010	 5.6	AFGHANISTAN
2011	 5.6	CHINA
2011	 5.6	GUATEMALA
2012	 5.6	BULGARIA
2012	 5.6	CHINA
2012	 5.6	PHILIPPINES
2013	 5.6	IRAN
2014	 5.6	ALGERIA
2014	 5.6	CHINA
2017	 5.6	MOZAMBIQUE
778	 5.6	ITALY
1036	 5.7	NORTH KOREA
1615	 5.7	UKRAINE
1631	 5.7	ETHIOPIA
1636	 5.7	GHANA
1669	 5.7	AZERBAIJAN
1727	 5.7	NORTH KOREA
1808	 5.7	ITALY
1828	 5.7	AZERBAIJAN
1872	 5.7	AZERBAIJAN
1879	 5.7	COTE D'IVOIRE
1903	 5.7	ISRAEL
1909	 5.7	GREECE
1923	 5.7	IRAN
1926	 5.7	TURKEY
1927	 5.7	UKRAINE
1944	 5.7	GREECE
1953	 5.7	HAITI
1956	 5.7	GREECE
1961	 5.7	CHINA
1962	 5.7	JAPAN
1966	 5.7	GREECE
1967	 5.7	CHINA
1968	 5.7	MEXICO
1970	 5.7	RUSSIA
1970	 5.7	TURKEY
1971	 5.7	PERU
1971	 5.7	USA
1973	 5.7	USA
1974	 5.7	JAPAN
1978	 5.7	ITALY
1978	 5.7	SERBIA AND MONTENEGRO
1986	 5.7	GEORGIA
1987	 5.7	USA
1988	 5.7	IRAN
1988	 5.7	TAIWAN
1988	 5.7	USA TERRITORY
1989	 5.7	ALGERIA
1989	 5.7	AZORES (PORTUGAL)
1990	 5.7	COSTA RICA
1991	 5.7	RUSSIA
1994	 5.7	CHINA
1996	 5.7	JAPAN
1997	 5.7	ITALY
1998	 5.7	AUSTRIA
1998	 5.7	CHINA
1998	 5.7	TAIWAN
1999	 5.7	TURKEY
1999	 5.7	TURKEY
2001	 5.7	EL SALVADOR
2002	 5.7	CHINA
2002	 5.7	GREECE
2002	 5.7	ITALY
2002	 5.7	SERBIA AND MONTENEGRO
2003	 5.7	ALGERIA
2003	 5.7	BANGLADESH
2003	 5.7	JAPAN
2003	 5.7	TURKEY
2004	 5.7	TURKEY
2006	 5.7	CHINA
2007	 5.7	TURKEY
2007	 5.7	TURKEY
2008	 5.7	CHINA
2008	 5.7	CHINA
2008	 5.7	RUSSIA
2009	 5.7	CHINA
2009	 5.7	INDONESIA
2009	 5.7	PHILIPPINES
2009	 5.7	SAUDI ARABIA
2009	 5.7	VANUATU
2010	 5.7	IRAN
2011	 5.7	CHINA
2011	 5.7	TURKEY
2011	 5.7	USA
2012	 5.7	AZERBAIJAN
2012	 5.7	IRAN
2012	 5.7	TAJIKISTAN
2013	 5.7	INDIA
2013	 5.7	INDONESIA
2013	 5.7	PHILIPPINES
2015	 5.7	JAPAN
2017	 5.7	INDIA
2017	 5.7	ITALY
1267	 5.8	IRAN
1281	 5.8	IRAN
1389	 5.8	IRAN
1490	 5.8	UZBEKISTAN
1511	 5.8	CHINA
1564	 5.8	FRANCE
1620	 5.8	UZBEKISTAN
1641	 5.8	CHINA
1652	 5.8	RUSSIA
1707	 5.8	PERU
1819	 5.8	CHINA
1819	 5.8	NORWAY
1852	 5.8	IRAN
1882	 5.8	CHINA
1883	 5.8	IRAN
1891	 5.8	CHINA
1896	 5.8	CHINA
1903	 5.8	TURKEY
1909	 5.8	TURKEY
1909	 5.8	TURKEY
1913	 5.8	IRAN
1914	 5.8	ECUADOR
1917	 5.8	TAIWAN
1920	 5.8	ITALY
1925	 5.8	CHINA
1925	 5.8	TURKEY
1926	 5.8	ALBANIA
1926	 5.8	INDONESIA
1927	 5.8	USA
1928	 5.8	CANADA
1928	 5.8	CHINA
1928	 5.8	ITALY
1929	 5.8	IRAN
1931	 5.8	ALBANIA
1935	 5.8	TAIWAN
1940	 5.8	CHINA
1942	 5.8	COLOMBIA
1948	 5.8	CHINA
1950	 5.8	CHINA
1950	 5.8	NEW ZEALAND
1952	 5.8	CHINA
1952	 5.8	USA
1953	 5.8	RUSSIA
1955	 5.8	CHINA
1955	 5.8	COSTA RICA
1956	 5.8	HUNGARY
1956	 5.8	LEBANON
1956	 5.8	TURKEY
1958	 5.8	CHINA
1960	 5.8	CHINA
1961	 5.8	CHINA
1962	 5.8	USA
1963	 5.8	CHINA
1969	 5.8	SOUTH AFRICA
1975	 5.8	JAPAN
1977	 5.8	IRAN
1979	 5.8	INDONESIA
1979	 5.8	ITALY
1980	 5.8	INDONESIA
1980	 5.8	IRAN
1980	 5.8	SERBIA AND MONTENEGRO
1984	 5.8	AFGHANISTAN
1984	 5.8	ITALY
1985	 5.8	CHINA
1986	 5.8	GREECE
1986	 5.8	USA
1987	 5.8	CHINA
1988	 5.8	ALBANIA
1988	 5.8	BANGLADESH
1988	 5.8	CANADA
1988	 5.8	GREECE
1989	 5.8	INDONESIA
1989	 5.8	IRAN
1990	 5.8	CHINA
1993	 5.8	COSTA RICA
1994	 5.8	USA
1997	 5.8	INDIA
1997	 5.8	KYRGYZSTAN
1998	 5.8	IRAN
1999	 5.8	TURKEY
2001	 5.8	PERU
2003	 5.8	CHINA
2003	 5.8	CHINA
2003	 5.8	IRAN
2003	 5.8	PHILIPPINES
2004	 5.8	INDONESIA
2004	 5.8	JAPAN
2004	 5.8	ROMANIA
2004	 5.8	TRINIDAD AND TOBAGO
2005	 5.8	CHILE
2005	 5.8	GUADELOUPE
2005	 5.8	TURKEY
2006	 5.8	BHUTAN
2006	 5.8	INDONESIA
2006	 5.8	KYRGYZSTAN
2006	 5.8	MEXICO
2007	 5.8	GREECE
2008	 5.8	AFGHANISTAN
2009	 5.8	CHINA
2010	 5.8	IRAN
2010	 5.8	IRAN
2010	 5.8	USA
2010	 5.8	USA TERRITORY
2011	 5.8	INDIA
2011	 5.8	NEW ZEALAND
2011	 5.8	USA
2012	 5.8	AFGHANISTAN
2012	 5.8	INDONESIA
2012	 5.8	PHILIPPINES
2013	 5.8	CHINA
2013	 5.8	JAPAN
2013	 5.8	JAPAN
2015	 5.8	ARGENTINA
2017	 5.8	IRAN
735	 5.8	ARMENIA
1679	 5.9	TURKEY
1783	 5.9	ITALY
1783	 5.9	ITALY
1859	 5.9	AZERBAIJAN
1862	 5.9	USA
1871	 5.9	USA
1874	 5.9	VENEZUELA
1878	 5.9	VENEZUELA
1879	 5.9	EGYPT
1885	 5.9	ALGERIA
1900	 5.9	TURKEY
1901	 5.9	TURKEY
1907	 5.9	ITALY
1910	 5.9	ITALY
1919	 5.9	EL SALVADOR
1921	 5.9	ETHIOPIA
1925	 5.9	TURKEY
1927	 5.9	SERBIA AND MONTENEGRO
1930	 5.9	ITALY
1939	 5.9	TURKEY
1941	 5.9	TURKEY
1941	 5.9	YEMEN
1946	 5.9	TURKEY
1960	 5.9	MOROCCO
1962	 5.9	CROATIA
1966	 5.9	GREECE
1967	 5.9	CHILE
1967	 5.9	GREECE
1969	 5.9	PERU
1971	 5.9	CHINA
1971	 5.9	IRAN
1971	 5.9	TURKEY
1973	 5.9	ETHIOPIA
1974	 5.9	ARGENTINA
1975	 5.9	INDONESIA
1976	 5.9	ITALY
1977	 5.9	IRAN
1977	 5.9	TAJIKISTAN
1978	 5.9	PAKISTAN
1979	 5.9	CHINA
1980	 5.9	USA
1981	 5.9	PAKISTAN
1982	 5.9	INDONESIA
1983	 5.9	JAPAN
1983	 5.9	THAILAND
1985	 5.9	ALGERIA
1985	 5.9	TAJIKISTAN
1986	 5.9	TURKEY
1987	 5.9	CHINA
1989	 5.9	IRAN
1990	 5.9	GREECE
1994	 5.9	ALGERIA
1994	 5.9	IRAN
1995	 5.9	CYPRUS
1996	 5.9	ECUADOR
1997	 5.9	CHINA
1997	 5.9	CHINA
1997	 5.9	INDONESIA
1997	 5.9	IRAN
1998	 5.9	AFGHANISTAN
1999	 5.9	TAIWAN
2000	 5.9	CHINA
2002	 5.9	MEXICO
2002	 5.9	TAJIKISTAN
2002	 5.9	VANUATU
2003	 5.9	CHINA
2004	 5.9	CHILE
2004	 5.9	JAPAN
2005	 5.9	INDONESIA
2005	 5.9	JAPAN
2005	 5.9	TURKEY
2005	 5.9	TURKEY
2006	 5.9	IRAN
2007	 5.9	CHILE
2008	 5.9	CHINA
2008	 5.9	CONGO
2008	 5.9	INDONESIA
2009	 5.9	MALAWI
2009	 5.9	MEXICO
2010	 5.9	INDIA
2012	 5.9	ITALY
2012	 5.9	TAIWAN
2014	 5.9	CHINA
2014	 5.9	CHINA
2015	 5.9	PANAMA
2016	 5.9	INDONESIA
2016	 5.9	TANZANIA
2017	 5.9	PHILIPPINES
1001	 6.0	ITALY
1068	 6.0	CHINA
1143	 6.0	CHINA
1314	 6.0	CHINA
1341	 6.0	UKRAINE
1368	 6.0	CHINA
1481	 6.0	CHINA
1568	 6.0	CHINA
1571	 6.0	CHINA
1588	 6.0	CHINA
1627	 6.0	CHINA
1631	 6.0	CHINA
1634	 6.0	CHINA
1642	 6.0	CHINA
1657	 6.0	CHINA
1658	 6.0	CHINA
1661	 6.0	TAIWAN
1693	 6.0	ITALY
1704	 6.0	CHINA
1721	 6.0	TAIWAN
1725	 6.0	CHINA
1736	 6.0	TAIWAN
1748	 6.0	CHINA
1750	 6.0	CHINA
1755	 6.0	CHINA
1761	 6.0	CHINA
1761	 6.0	CHINA
1785	 6.0	CHINA
1786	 6.0	CHINA
1792	 6.0	CHINA
1793	 6.0	CHINA
1799	 6.0	UZBEKISTAN
1803	 6.0	CHINA
1814	 6.0	CHINA
1820	 6.0	CHINA
1829	 6.0	CHINA
1834	 6.0	CHINA
1837	 6.0	CHINA
1839	 6.0	CHINA
1839	 6.0	CHINA
1841	 6.0	INDONESIA
1842	 6.0	BANGLADESH
1843	 6.0	INDONESIA
1845	 6.0	TAIWAN
1848	 6.0	NEW ZEALAND
1848	 6.0	NEW ZEALAND
1849	 6.0	VENEZUELA
1852	 6.0	CHINA
1854	 6.0	INDONESIA
1855	 6.0	USA
1861	 6.0	CHINA
1865	 6.0	IRAN
1865	 6.0	PHILIPPINES
1866	 6.0	GREECE
1872	 6.0	PHILIPPINES
1876	 6.0	CHINA
1883	 6.0	COLOMBIA
1885	 6.0	CHINA
1889	 6.0	INDONESIA
1893	 6.0	VANUATU
1895	 6.0	CHINA
1895	 6.0	NEW ZEALAND
1897	 6.0	TAIWAN
1898	 6.0	CHINA
1901	 6.0	CHINA
1904	 6.0	CHINA
1904	 6.0	TAIWAN
1908	 6.0	USA
1910	 6.0	PAPUA NEW GUINEA
1913	 6.0	CHINA
1914	 6.0	GREECE
1915	 6.0	INDONESIA
1916	 6.0	TAIWAN
1917	 6.0	GUATEMALA
1920	 6.0	ARGENTINA
1922	 6.0	PHILIPPINES
1922	 6.0	SERBIA AND MONTENEGRO
1926	 6.0	CHILE
1927	 6.0	CHINA
1927	 6.0	UKRAINE
1928	 6.0	GREECE
1928	 6.0	ITALY
1929	 6.0	CHINA
1930	 6.0	ALBANIA
1930	 6.0	ARGENTINA
1930	 6.0	CHILE
1930	 6.0	CHINA
1930	 6.0	INDONESIA
1931	 6.0	UK
1932	 6.0	CHINA
1932	 6.0	CHINA
1934	 6.0	CHINA
1935	 6.0	CHINA
1935	 6.0	CHINA
1935	 6.0	IRAN
1935	 6.0	TAIWAN
1935	 6.0	TAIWAN
1935	 6.0	USA
1936	 6.0	CHINA
1938	 6.0	CHINA
1938	 6.0	JAPAN
1940	 6.0	CHINA
1940	 6.0	CHINA
1940	 6.0	TURKEY
1941	 6.0	CHINA
1941	 6.0	CHINA
1941	 6.0	TURKEY
1942	 6.0	ALBANIA
1942	 6.0	CHINA
1942	 6.0	CROATIA
1944	 6.0	TURKEY
1945	 6.0	TURKEY
1945	 6.0	UGANDA
1950	 6.0	PERU
1951	 6.0	NICARAGUA
1952	 6.0	TURKEY
1954	 6.0	ALGERIA
1955	 6.0	CHINA
1955	 6.0	COLOMBIA
1955	 6.0	GREECE
1957	 6.0	INDONESIA
1960	 6.0	IRAN
1961	 6.0	CHINA
1962	 6.0	ALBANIA
1963	 6.0	CHINA
1963	 6.0	INDONESIA
1963	 6.0	MACEDONIA
1964	 6.0	CROATIA
1964	 6.0	TANZANIA
1965	 6.0	CHILE
1965	 6.0	EL SALVADOR
1965	 6.0	IRAN
1965	 6.0	JAPAN
1966	 6.0	TURKEY
1967	 6.0	GREECE
1968	 6.0	ITALY
1969	 6.0	BOSNIA-HERZEGOVINA
1970	 6.0	CHILE
1970	 6.0	CHILE
1970	 6.0	USA
1972	 6.0	GREECE
1975	 6.0	USA
1976	 6.0	ITALY
1977	 6.0	INDONESIA
1979	 6.0	IRAN
1980	 6.0	JAPAN
1981	 6.0	USA
1982	 6.0	HONDURAS
1982	 6.0	YEMEN
1983	 6.0	INDONESIA
1983	 6.0	JAPAN
1985	 6.0	NICARAGUA
1986	 6.0	USA
1987	 6.0	JAPAN
1988	 6.0	GUATEMALA
1989	 6.0	INDONESIA
1990	 6.0	AFGHANISTAN
1992	 6.0	PAKISTAN
1993	 6.0	USA
1995	 6.0	USA
1996	 6.0	CHINA
1996	 6.0	CROATIA
1997	 6.0	CHINA
1997	 6.0	INDONESIA
1997	 6.0	ITALY
1998	 6.0	ARMENIA
1999	 6.0	AFGHANISTAN
1999	 6.0	GREECE
2000	 6.0	TURKEY
2000	 6.0	TURKEY
2002	 6.0	ARGENTINA
2002	 6.0	ITALY
2003	 6.0	CHINA
2003	 6.0	INDONESIA
2004	 6.0	INDONESIA
2004	 6.0	USA
2005	 6.0	IRAN
2005	 6.0	IRAN
2006	 6.0	IRAN
2007	 6.0	KYRGYZSTAN
2007	 6.0	MEXICO
2008	 6.0	CHINA
2008	 6.0	CHINA
2008	 6.0	CHINA
2008	 6.0	PHILIPPINES
2008	 6.0	USA
2009	 6.0	GEORGIA
2009	 6.0	MALAWI
2009	 6.0	PANAMA
2011	 6.0	NEW ZEALAND
2013	 6.0	CHINA
2013	 6.0	TAIWAN
2014	 6.0	CHINA
2014	 6.0	THAILAND
2014	 6.0	USA
2015	 6.0	MALAYSIA
1102	 6.1	AFGHANISTAN
1160	 6.1	ISRAEL
1208	 6.1	TURKMENISTAN
1390	 6.1	UZBEKISTAN
1846	 6.1	ITALY
1859	 6.1	TURKEY
1862	 6.1	TURKEY
1866	 6.1	GREECE
1874	 6.1	TURKEY
1875	 6.1	TURKEY
1880	 6.1	TURKEY
1881	 6.1	TURKEY
1888	 6.1	TURKEY
1895	 6.1	SLOVENIA
1897	 6.1	IRAN
1901	 6.1	TURKEY
1910	 6.1	TURKEY
1935	 6.1	TURKEY
1938	 6.1	JAPAN
1942	 6.1	TURKEY
1956	 6.1	INDIA
1958	 6.1	PACIFIC OCEAN
1959	 6.1	ALBANIA
1962	 6.1	CHINA
1962	 6.1	CROATIA
1962	 6.1	ITALY
1963	 6.1	TURKEY
1964	 6.1	TURKEY
1965	 6.1	CHINA
1967	 6.1	INDONESIA
1971	 6.1	DOMINICAN REPUBLIC
1971	 6.1	RUSSIA
1972	 6.1	AFGHANISTAN
1972	 6.1	PERU
1974	 6.1	VENEZUELA
1975	 6.1	IRAN
1975	 6.1	JAPAN
1975	 6.1	USA TERRITORY
1975	 6.1	VENEZUELA
1976	 6.1	AFGHANISTAN
1978	 6.1	JAPAN
1979	 6.1	AUSTRALIA
1979	 6.1	INDONESIA
1980	 6.1	USA
1982	 6.1	JAPAN
1982	 6.1	PERU
1983	 6.1	INDONESIA
1983	 6.1	TURKEY
1983	 6.1	USA
1984	 6.1	JAPAN
1984	 6.1	PAKISTAN
1984	 6.1	TAJIKISTAN
1984	 6.1	USA
1985	 6.1	PERU
1985	 6.1	PHILIPPINES
1988	 6.1	IRAN
1989	 6.1	CHINA
1989	 6.1	ECUADOR
1989	 6.1	MALAWI
1989	 6.1	USA
1990	 6.1	KAZAKHSTAN
1990	 6.1	PAKISTAN
1990	 6.1	ROMANIA
1991	 6.1	CHINA
1991	 6.1	GEORGIA
1994	 6.1	AFGHANISTAN
1994	 6.1	INDONESIA
1994	 6.1	IRAN
1994	 6.1	IRAN
1997	 6.1	INDIA
1997	 6.1	IRAN
1997	 6.1	JAPAN
2000	 6.1	JAPAN
2000	 6.1	JAPAN
2001	 6.1	CANADA
2002	 6.1	AFGHANISTAN
2003	 6.1	NEW CALEDONIA
2003	 6.1	TURKEY
2004	 6.1	ARGENTINA
2004	 6.1	MEXICO
2004	 6.1	PANAMA
2005	 6.1	CHINA
2005	 6.1	ECUADOR
2006	 6.1	IRAN
2006	 6.1	TRINIDAD AND TOBAGO
2007	 6.1	CHINA
2007	 6.1	INDONESIA
2008	 6.1	GUATEMALA
2008	 6.1	INDONESIA
2008	 6.1	IRAN
2008	 6.1	PANAMA
2009	 6.1	AFGHANISTAN
2009	 6.1	BHUTAN
2009	 6.1	COSTA RICA
2010	 6.1	TURKEY
2011	 6.1	INDONESIA
2011	 6.1	NEW ZEALAND
2011	 6.1	UZBEKISTAN
2012	 6.1	ITALY
2012	 6.1	TURKEY
2013	 6.1	INDONESIA
2013	 6.1	INDONESIA
2013	 6.1	IRAN
2014	 6.1	CHINA
2014	 6.1	GREECE
2014	 6.1	GREECE
2014	 6.1	INDONESIA
2014	 6.1	NICARAGUA
2014	 6.1	USA
2017	 6.1	IRAN
-1050	 6.2	JORDAN
1151	 6.2	SYRIA
1406	 6.2	JAPAN
1580	 6.2	UK
1587	 6.2	PERU
1601	 6.2	SWITZERLAND
1695	 6.2	ITALY
1763	 6.2	HUNGARY
1820	 6.2	CONGO
1859	 6.2	EL SALVADOR
1875	 6.2	ETHIOPIA
1883	 6.2	IRAN
1884	 6.2	ERITREA
1891	 6.2	NEW ZEALAND
1892	 6.2	USA
1898	 6.2	GREECE
1904	 6.2	GREECE
1907	 6.2	ALBANIA
1909	 6.2	FRANCE
1910	 6.2	PHILIPPINES
1915	 6.2	USA
1919	 6.2	ITALY
1920	 6.2	ALBANIA
1920	 6.2	GEORGIA
1921	 6.2	INDONESIA
1929	 6.2	IRAN
1932	 6.2	FIJI
1932	 6.2	GREECE
1935	 6.2	TURKEY
1935	 6.2	USA
1936	 6.2	IRAN
1937	 6.2	PERU
1943	 6.2	TURKEY
1945	 6.2	CAMEROON
1948	 6.2	INDONESIA
1951	 6.2	MEXICO
1954	 6.2	MEXICO
1955	 6.2	GREECE
1955	 6.2	NICARAGUA
1958	 6.2	CHINA
1959	 6.2	TURKEY
1962	 6.2	CHINA
1965	 6.2	GREECE
1966	 6.2	CHINA
1966	 6.2	CHINA
1967	 6.2	TURKEY
1968	 6.2	VENEZUELA
1969	 6.2	ETHIOPIA
1969	 6.2	PERU
1971	 6.2	RUSSIA
1972	 6.2	NICARAGUA
1972	 6.2	PAKISTAN
1973	 6.2	MEXICO
1974	 6.2	GABON
1974	 6.2	PAKISTAN
1976	 6.2	IRAN
1976	 6.2	MALAYSIA
1978	 6.2	IRAN
1979	 6.2	INDONESIA
1979	 6.2	MACEDONIA
1979	 6.2	PAPUA NEW GUINEA
1980	 6.2	JAPAN
1982	 6.2	EL SALVADOR
1983	 6.2	CHINA
1983	 6.2	COSTA RICA
1983	 6.2	GREECE
1983	 6.2	GUINEA
1983	 6.2	USA
1985	 6.2	INDONESIA
1986	 6.2	USA
1986	 6.2	VENEZUELA
1987	 6.2	ECUADOR
1987	 6.2	USA
1988	 6.2	PHILIPPINES
1989	 6.2	CHINA
1989	 6.2	INDONESIA
1990	 6.2	CHINA
1990	 6.2	TAIWAN
1991	 6.2	GUATEMALA
1991	 6.2	PANAMA
1991	 6.2	USA
1992	 6.2	KYRGYZSTAN
1993	 6.2	CHINA
1993	 6.2	INDIA
1994	 6.2	UGANDA
1995	 6.2	CHINA
1997	 6.2	CHINA
1997	 6.2	JAPAN
1998	 6.2	AZORES (PORTUGAL)
1999	 6.2	COLOMBIA
1999	 6.2	IRAN
2002	 6.2	CONGO
2002	 6.2	INDONESIA
2006	 6.2	INDONESIA
2006	 6.2	TAIWAN
2007	 6.2	CHILE
2007	 6.2	RUSSIA
2008	 6.2	PERU
2008	 6.2	RUSSIA
2009	 6.2	CHINA
2010	 6.2	MEXICO
2010	 6.2	PERU
2013	 6.2	MEXICO
2014	 6.2	IRAN
2014	 6.2	JAPAN
2014	 6.2	NEW ZEALAND
2016	 6.2	ITALY
2016	 6.2	JAPAN
2016	 6.2	PERU
2017	 6.2	USA
100	 6.3	SOUTH KOREA
1209	 6.3	CHINA
123	 6.3	SOUTH KOREA
1283	 6.3	GEORGIA
1385	 6.3	NORTH KOREA
1440	 6.3	CHINA
1445	 6.3	CHINA
1455	 6.3	SOUTH KOREA
1487	 6.3	CHINA
1495	 6.3	CHINA
1553	 6.3	SOUTH KOREA
1613	 6.3	SOUTH KOREA
1628	 6.3	CHINA
1630	 6.3	CHINA
1664	 6.3	SOUTH KOREA
1670	 6.3	SOUTH KOREA
1688	 6.3	CHINA
1714	 6.3	GREECE
1830	 6.3	RUSSIA
1831	 6.3	CHINA
1834	 6.3	JORDAN
1845	 6.3	INDIA
1865	 6.3	USA
1872	 6.3	IRAN
1882	 6.3	TAIWAN
1889	 6.3	JAPAN
1894	 6.3	GREECE
1901	 6.3	JAPAN
1902	 6.3	GUATEMALA
1903	 6.3	TURKEY
1904	 6.3	TAIWAN
1909	 6.3	TURKEY
1913	 6.3	PERU
1914	 6.3	GREECE
1917	 6.3	CHINA
1917	 6.3	TAIWAN
1922	 6.3	NEW ZEALAND
1922	 6.3	PHILIPPINES
1925	 6.3	PHILIPPINES
1927	 6.3	INDONESIA
1927	 6.3	ISRAEL
1929	 6.3	ICELAND
1930	 6.3	TAIWAN
1930	 6.3	TAJIKISTAN
1931	 6.3	ARMENIA
1933	 6.3	IRAN
1933	 6.3	USA
1934	 6.3	CHINA
1935	 6.3	IRAN
1935	 6.3	JAPAN
1938	 6.3	CANADA
1938	 6.3	ECUADOR
1941	 6.3	IRAN
1945	 6.3	CHINA
1949	 6.3	IRAN
1951	 6.3	CHINA
1955	 6.3	EGYPT
1959	 6.3	TURKEY
1962	 6.3	BOSNIA-HERZEGOVINA
1962	 6.3	PERU
1965	 6.3	GREECE
1965	 6.3	GREECE
1966	 6.3	GREECE
1966	 6.3	NEPAL
1967	 6.3	CHINA
1968	 6.3	JAPAN
1969	 6.3	CHINA
1969	 6.3	SOUTH AFRICA
1971	 6.3	CHILE
1971	 6.3	PERU
1971	 6.3	RUSSIA
1972	 6.3	GREECE
1974	 6.3	PERU
1979	 6.3	INDONESIA
1982	 6.3	INDIA
1985	 6.3	GUADELOUPE
1985	 6.3	INDONESIA
1987	 6.3	JAPAN
1987	 6.3	PHILIPPINES
1987	 6.3	SOLOMON ISLANDS
1988	 6.3	AUSTRALIA
1989	 6.3	DJIBOUTI
1990	 6.3	NEW ZEALAND
1990	 6.3	PAKISTAN
1990	 6.3	TAIWAN
1990	 6.3	TAJIKISTAN
1992	 6.3	JAPAN
1992	 6.3	USA
1993	 6.3	JAPAN
1993	 6.3	JAPAN
1993	 6.3	PERU
1996	 6.3	CHINA
1998	 6.3	MEXICO
1998	 6.3	TURKEY
1999	 6.3	MEXICO
2000	 6.3	CHINA
2002	 6.3	PAKISTAN
2003	 6.3	CHINA
2003	 6.3	GREECE
2003	 6.3	PHILIPPINES
2004	 6.3	GUADELOUPE
2004	 6.3	IRAN
2005	 6.3	INDONESIA
2006	 6.3	INDONESIA
2006	 6.3	INDONESIA
2006	 6.3	JAPAN
2007	 6.3	LAOS
2008	 6.3	CHINA
2008	 6.3	CHINA
2008	 6.3	GREECE
2008	 6.3	ICELAND
2009	 6.3	ITALY
2009	 6.3	VANUATU
2009	 6.3	VENEZUELA
2010	 6.3	ARGENTINA
2010	 6.3	TAIWAN
2011	 6.3	MYANMAR (BURMA)
2012	 6.3	CHILE
2012	 6.3	CHINA
2012	 6.3	INDONESIA
2012	 6.3	VANUATU
2013	 6.3	IRAN
2013	 6.3	TAIWAN
2014	 6.3	JAPAN
2014	 6.3	MEXICO
2015	 6.3	AFGHANISTAN
2016	 6.3	INDONESIA
2016	 6.3	MOROCCO
2017	 6.3	CHINA
2017	 6.3	GREECE
2017	 6.3	PAKISTAN
27	 6.3	SOUTH KOREA
304	 6.3	SOUTH KOREA
501	 6.3	NORTH KOREA
510	 6.3	SOUTH KOREA
664	 6.3	SOUTH KOREA
780	 6.3	SOUTH KOREA
891	 6.3	IRAN
89	 6.3	SOUTH KOREA
1475	 6.4	KYRGYZSTAN
1498	 6.4	JAPAN
1581	 6.4	PERU
1597	 6.4	JAPAN
1615	 6.4	JAPAN
1619	 6.4	JAPAN
1647	 6.4	JAPAN
1666	 6.4	JAPAN
1668	 6.4	NORTH KOREA
1670	 6.4	JAPAN
1698	 6.4	JAPAN
1759	 6.4	ISRAEL
1792	 6.4	JAPAN
1799	 6.4	JAPAN
1824	 6.4	IRAN
1828	 6.4	JAPAN
1833	 6.4	ALBANIA
1834	 6.4	JAPAN
1837	 6.4	ISRAEL
1844	 6.4	IRAN
1857	 6.4	JAPAN
1863	 6.4	JAPAN
1864	 6.4	IRAQ
1893	 6.4	GREECE
1893	 6.4	GREECE
1895	 6.4	ALBANIA
1899	 6.4	USA
1901	 6.4	BULGARIA
1901	 6.4	USA
1902	 6.4	UZBEKISTAN
1905	 6.4	BULGARIA
1910	 6.4	ALGERIA
1915	 6.4	PHILIPPINES
1917	 6.4	PHILIPPINES
1922	 6.4	NICARAGUA
1923	 6.4	IRAN
1933	 6.4	GREECE
1939	 6.4	GHANA
1947	 6.4	USA
1948	 6.4	GREECE
1949	 6.4	PHILIPPINES
1953	 6.4	FIJI
1953	 6.4	IRAN
1959	 6.4	CHINA
1961	 6.4	SOLOMON ISLANDS
1962	 6.4	CHINA
1966	 6.4	CHINA
1967	 6.4	PAPUA NEW GUINEA
1969	 6.4	BOSNIA-HERZEGOVINA
1969	 6.4	CHINA
1970	 6.4	CHILE
1976	 6.4	ICELAND
1976	 6.4	MEXICO
1978	 6.4	GREECE
1979	 6.4	COLOMBIA
1979	 6.4	JAPAN
1980	 6.4	GREECE
1980	 6.4	HONDURAS
1980	 6.4	MEXICO
1980	 6.4	MEXICO
1981	 6.4	GREECE
1982	 6.4	INDONESIA
1983	 6.4	PAPUA NEW GUINEA
1984	 6.4	TURKEY
1986	 6.4	TAIWAN
1986	 6.4	USA
1987	 6.4	PERU
1988	 6.4	CHINA
1990	 6.4	JAPAN
1990	 6.4	VANUATU
1991	 6.4	AFGHANISTAN
1991	 6.4	COLOMBIA
1991	 6.4	PERU
1993	 6.4	WALLIS AND FUTUNA (FRENCH TERRITORY)
1994	 6.4	JAPAN
1994	 6.4	TAIWAN
1995	 6.4	COLOMBIA
1995	 6.4	TURKEY
1997	 6.4	AFGHANISTAN
1998	 6.4	AFGHANISTAN
1998	 6.4	CHINA
2000	 6.4	PHILIPPINES
2000	 6.4	TAIWAN
2002	 6.4	CHILE
2002	 6.4	INDONESIA
2002	 6.4	JAPAN
2003	 6.4	CHINA
2003	 6.4	DOMINICAN REPUBLIC
2003	 6.4	TURKEY
2004	 6.4	COSTA RICA
2004	 6.4	MOROCCO
2005	 6.4	IRAN
2007	 6.4	INDONESIA
2008	 6.4	PAKISTAN
2008	 6.4	PAKISTAN
2008	 6.4	VANUATU
2009	 6.4	JAPAN
2009	 6.4	TAIWAN
2011	 6.4	MEXICO
2012	 6.4	PERU
2012	 6.4	SOLOMON ISLANDS
2013	 6.4	GREECE
2014	 6.4	MEXICO
2014	 6.4	USA TERRITORY
2015	 6.4	CHINA
2015	 6.4	TAIWAN
2015	 6.4	VANUATU
2016	 6.4	TAIWAN
362	 6.4	JORDAN
368	 6.4	TURKEY
-63	 6.4	RUSSIA
744	 6.4	JAPAN
1008	 6.5	IRAN
1022	 6.5	CHINA
1101	 6.5	IRAN
1119	 6.5	IRAN
1208	 6.5	IRAN
1219	 6.5	CHINA
-1250	 6.5	ISRAEL
1273	 6.5	ALBANIA
128	 6.5	CHINA
1291	 6.5	CHINA
1300	 6.5	IRAN
1305	 6.5	CHINA
1306	 6.5	CHINA
1337	 6.5	CHINA
1350	 6.5	GEORGIA
1440	 6.5	IRAN
1482	 6.5	IRAN
1485	 6.5	IRAN
1493	 6.5	IRAN
1502	 6.5	CHINA
1511	 6.5	SLOVENIA
1512	 6.5	CHINA
1577	 6.5	CHINA
1606	 6.5	CHINA
1614	 6.5	CHINA
1618	 6.5	CHINA
1631	 6.5	CHINA
1640	 6.5	JAPAN
1643	 6.5	SOUTH KOREA
1649	 6.5	SOUTH KOREA
1700	 6.5	SOUTH KOREA
1713	 6.5	CHINA
1730	 6.5	CHINA
1732	 6.5	JAPAN
1738	 6.5	CHINA
1738	 6.5	GREECE
1754	 6.5	INDONESIA
1755	 6.5	CHINA
1763	 6.5	CHINA
1764	 6.5	HONDURAS
1765	 6.5	CHINA
1768	 6.5	JAPAN
1779	 6.5	IRAN
1789	 6.5	CHINA
1791	 6.5	JAPAN
1799	 6.5	CHINA
1800	 6.5	IRAN
1808	 6.5	JAPAN
1811	 6.5	CHINA
1815	 6.5	TAIWAN
1816	 6.5	CHINA
1830	 6.5	IRAN
1837	 6.5	MEXICO
1839	 6.5	TAIWAN
1840	 6.5	PHILIPPINES
1848	 6.5	FRENCH POLYNESIA
1852	 6.5	INDONESIA
1857	 6.5	ITALY
1858	 6.5	CHILE
1861	 6.5	INDONESIA
1862	 6.5	GHANA
1862	 6.5	PHILIPPINES
1862	 6.5	TAIWAN
1863	 6.5	PHILIPPINES
1868	 6.5	UZBEKISTAN
1869	 6.5	NEPAL
1872	 6.5	PERU
1881	 6.5	CHINA
1884	 6.5	CHINA
1893	 6.5	CHINA
1893	 6.5	GREECE
1896	 6.5	CHINA
1897	 6.5	AUSTRALIA
1898	 6.5	CHILE
1898	 6.5	USA
1903	 6.5	CHILE
1903	 6.5	INDONESIA
1903	 6.5	IRAN
1905	 6.5	PHILIPPINES
1905	 6.5	TURKEY
1906	 6.5	ALBANIA
1906	 6.5	CHINA
1906	 6.5	TAIWAN
1907	 6.5	JAMAICA
1909	 6.5	CHINA
1916	 6.5	TAIWAN
1917	 6.5	CHINA
1924	 6.5	PHILIPPINES
1928	 6.5	TURKEY
1929	 6.5	TURKEY
1930	 6.5	CHINA
1930	 6.5	INDONESIA
1930	 6.5	ITALY
1930	 6.5	PAPUA NEW GUINEA
1934	 6.5	TAIWAN
1935	 6.5	INDONESIA
1935	 6.5	TAIWAN
-193	 6.5	CHINA
1939	 6.5	AZORES (PORTUGAL)
1939	 6.5	PHILIPPINES
1939	 6.5	TURKEY
1943	 6.5	CHINA
1948	 6.5	GREECE
1950	 6.5	INDONESIA
1951	 6.5	EL SALVADOR
1952	 6.5	CHINA
1953	 6.5	CYPRUS
1954	 6.5	JAPAN
1955	 6.5	CHINA
1955	 6.5	SOLOMON ISLANDS
1956	 6.5	JAPAN
1956	 6.5	MEXICO
1960	 6.5	GREECE
1961	 6.5	CHILE
1961	 6.5	COLOMBIA
1961	 6.5	ETHIOPIA
1961	 6.5	INDONESIA
1961	 6.5	TURKEY
1962	 6.5	USA
1963	 6.5	CHINA
1965	 6.5	CHILE
1965	 6.5	USA
1966	 6.5	CHINA
1967	 6.5	ALBANIA
1967	 6.5	INDIA
1967	 6.5	VENEZUELA
1968	 6.5	IRAN
1969	 6.5	TURKEY
1970	 6.5	RUSSIA
1971	 6.5	USA
1973	 6.5	COLOMBIA
1973	 6.5	COSTA RICA
1973	 6.5	USA
1974	 6.5	JAPAN
1975	 6.5	MYANMAR (BURMA)
1976	 6.5	INDONESIA
1976	 6.5	ITALY
1977	 6.5	COLOMBIA
1979	 6.5	PANAMA
1980	 6.5	NEPAL
1983	 6.5	INDONESIA
1983	 6.5	PERU
1983	 6.5	PHILIPPINES
1983	 6.5	RUSSIA
1985	 6.5	PHILIPPINES
1987	 6.5	INDONESIA
1990	 6.5	JAPAN
1990	 6.5	PERU
1991	 6.5	INDONESIA
1994	 6.5	INDONESIA
1994	 6.5	TAIWAN
1995	 6.5	COLOMBIA
1995	 6.5	GREECE
1997	 6.5	IRAN
1997	 6.5	USA TERRITORY
1999	 6.5	INDONESIA
1999	 6.5	TAIWAN
2000	 6.5	ICELAND
2000	 6.5	ICELAND
2000	 6.5	JAPAN
2000	 6.5	PANAMA
2000	 6.5	TANZANIA
2001	 6.5	GREECE
2002	 6.5	INDIA
2002	 6.5	IRAN
2002	 6.5	PANAMA
2002	 6.5	TURKEY
2002	 6.5	USA TERRITORY
2003	 6.5	INDONESIA
2003	 6.5	PANAMA
2003	 6.5	PHILIPPINES
2004	 6.5	AFGHANISTAN
2005	 6.5	AFGHANISTAN
2007	 6.5	INDONESIA
2008	 6.5	INDONESIA
2010	 6.5	IRAN
2010	 6.5	USA
2011	 6.5	VANUATU
2012	 6.5	INDONESIA
2012	 6.5	IRAN
2013	 6.5	NEW ZEALAND
2013	 6.5	NEW ZEALAND
2014	 6.5	JAPAN
2015	 6.5	GREECE
2016	 6.5	INDONESIA
2017	 6.5	CHINA
2017	 6.5	PHILIPPINES
2017	 6.5	PHILIPPINES
46	 6.5	CHINA
745	 6.5	JAPAN
766	 6.5	JAPAN
788	 6.5	CHINA
876	 6.5	CHINA
887	 6.5	JAPAN
1542	 6.6	ITALY
1590	 6.6	AUSTRIA
1667	 6.6	TURKEY
1668	 6.6	TURKEY
1673	 6.6	IRAN
1715	 6.6	JAPAN
1715	 6.6	TURKEY
1726	 6.6	JAPAN
1731	 6.6	JAPAN
1751	 6.6	JAPAN
1762	 6.6	JAPAN
1783	 6.6	ITALY
1802	 6.6	JAPAN
1810	 6.6	JAPAN
1812	 6.6	JAPAN
1851	 6.6	ALBANIA
1856	 6.6	GREECE
1893	 6.6	IRAN
1896	 6.6	CHINA
1899	 6.6	GREECE
1902	 6.6	TURKEY
1905	 6.6	ALBANIA
1908	 6.6	INDONESIA
1909	 6.6	PORTUGAL
1912	 6.6	JAPAN
1915	 6.6	EL SALVADOR
1917	 6.6	INDONESIA
1919	 6.6	NICARAGUA
1930	 6.6	PAPUA NEW GUINEA
1939	 6.6	JAPAN
1941	 6.6	USA
1943	 6.6	TURKEY
1957	 6.6	IRAN
1960	 6.6	CONGO
1960	 6.6	PAPUA NEW GUINEA
1961	 6.6	IRAN
1961	 6.6	RUSSIA
1963	 6.6	INDONESIA
1964	 6.6	JAPAN
1965	 6.6	CHINA
1965	 6.6	USA
1968	 6.6	TURKEY
1970	 6.6	COLOMBIA
1970	 6.6	KAZAKHSTAN
1971	 6.6	RUSSIA
1972	 6.6	CHILE
1973	 6.6	RUSSIA
1978	 6.6	JAPAN
1978	 6.6	MEXICO
1978	 6.6	RUSSIA
1979	 6.6	INDONESIA
1979	 6.6	IRAN
1982	 6.6	AFGHANISTAN
1983	 6.6	INDONESIA
1984	 6.6	INDONESIA
1984	 6.6	PAPUA NEW GUINEA
1985	 6.6	AFGHANISTAN
1985	 6.6	CHILE
1987	 6.6	INDONESIA
1987	 6.6	NEW ZEALAND
1987	 6.6	VANUATU
1988	 6.6	NEPAL
1988	 6.6	PHILIPPINES
1989	 6.6	JAPAN
1990	 6.6	PHILIPPINES
1993	 6.6	KERMADEC ISLANDS (NEW ZEALAND)
1994	 6.6	INDONESIA
1995	 6.6	GREECE
1996	 6.6	CHINA
1996	 6.6	JAPAN
1997	 6.6	GREECE
1998	 6.6	AFGHANISTAN
1998	 6.6	BOLIVIA
1998	 6.6	GUATEMALA
1998	 6.6	INDONESIA
1998	 6.6	IRAN
1999	 6.6	INDIA
1999	 6.6	IRAN
2001	 6.6	EL SALVADOR
2001	 6.6	PERU
2002	 6.6	CHILE
2003	 6.6	IRAN
2003	 6.6	MYANMAR (BURMA)
2003	 6.6	USA
2004	 6.6	CANADA
2004	 6.6	CHILE
2004	 6.6	JAPAN
2004	 6.6	TAIWAN
2005	 6.6	JAPAN
2005	 6.6	JAPAN
2007	 6.6	JAPAN
2007	 6.6	NEW ZEALAND
2008	 6.6	KYRGYZSTAN
2009	 6.6	INDONESIA
2009	 6.6	INDONESIA
2010	 6.6	SOLOMON ISLANDS
2011	 6.6	JAPAN
2013	 6.6	CHINA
2013	 6.6	GUATEMALA
2015	 6.6	INDONESIA
2016	 6.6	AFGHANISTAN
2016	 6.6	ITALY
2016	 6.6	ITALY
407	 6.6	TURKEY
-58	 6.6	ALBANIA
1182	 6.7	SYRIA
1275	 6.7	GEORGIA
1304	 6.7	IRAN
1405	 6.7	IRAN
1510	 6.7	JAPAN
1518	 6.7	NORTH KOREA
1589	 6.7	JAPAN
1627	 6.7	ITALY
1642	 6.7	JAPAN
1667	 6.7	JAPAN
1703	 6.7	ITALY
1711	 6.7	JAPAN
1821	 6.7	ROMANIA
1825	 6.7	IRAN
1840	 6.7	TURKEY
1853	 6.7	VENEZUELA
1855	 6.7	TURKEY
1855	 6.7	TURKEY
1857	 6.7	TURKEY
1863	 6.7	GREECE
1863	 6.7	TURKEY
1866	 6.7	ALBANIA
1868	 6.7	TURKEY
1873	 6.7	USA
1878	 6.7	TURKEY
1879	 6.7	IRAN
1879	 6.7	IRAN
1880	 6.7	TURKEY
1884	 6.7	SPAIN
1893	 6.7	TURKEY
1894	 6.7	GREECE
1899	 6.7	TURKEY
1909	 6.7	JAPAN
1910	 6.7	INDONESIA
1911	 6.7	GREECE
1911	 6.7	IRAN
1915	 6.7	GREECE
1917	 6.7	EL SALVADOR
1925	 6.7	NICARAGUA
1925	 6.7	USA
1930	 6.7	GREECE
1935	 6.7	GREECE
1938	 6.7	TURKEY
1949	 6.7	ECUADOR
1949	 6.7	GREECE
1949	 6.7	INDONESIA
1951	 6.7	TURKEY
1954	 6.7	ALGERIA
1954	 6.7	ALGERIA
1958	 6.7	INDONESIA
1958	 6.7	INDONESIA
1958	 6.7	IRAN
1960	 6.7	JAPAN
1960	 6.7	JAPAN
1960	 6.7	PERU
1961	 6.7	RUSSIA
1970	 6.7	IRAN
1971	 6.7	TURKEY
1973	 6.7	CHILE
1974	 6.7	MONGOLIA
1974	 6.7	RUSSIA
1975	 6.7	TURKEY
1975	 6.7	TURKEY
1976	 6.7	ECUADOR
1978	 6.7	RUSSIA
1980	 6.7	AZORES (PORTUGAL)
1981	 6.7	GREECE
1981	 6.7	INDONESIA
1981	 6.7	IRAN
1982	 6.7	JAPAN
1983	 6.7	MEXICO
1983	 6.7	USA
1984	 6.7	DOMINICAN REPUBLIC
1984	 6.7	JAPAN
1987	 6.7	JAPAN
1988	 6.7	AUSTRALIA
1988	 6.7	CHILE
1990	 6.7	IRAN
1990	 6.7	ROMANIA
1991	 6.7	BERING SEA
1991	 6.7	PERU
1992	 6.7	USA
1994	 6.7	USA
1995	 6.7	CHILE
1996	 6.7	JAPAN
1996	 6.7	JAPAN
1997	 6.7	TRINIDAD AND TOBAGO
1999	 6.7	GUATEMALA
2000	 6.7	INDONESIA
2000	 6.7	JAPAN
2002	 6.7	PAPUA NEW GUINEA
2002	 6.7	USA
2003	 6.7	RUSSIA
2004	 6.7	INDONESIA
2004	 6.7	INDONESIA
2005	 6.7	INDONESIA
2005	 6.7	INDONESIA
2006	 6.7	GREECE
2006	 6.7	INDONESIA
2006	 6.7	PERU
2006	 6.7	USA
2007	 6.7	GUATEMALA
2007	 6.7	JAPAN
2007	 6.7	USA
2008	 6.7	CHINA
2009	 6.7	INDONESIA
2010	 6.7	INDIA
2011	 6.7	INDONESIA
2011	 6.7	RUSSIA
2012	 6.7	CHILE
2012	 6.7	PHILIPPINES
2014	 6.7	CHILE
2015	 6.7	JAPAN
2015	 6.7	JAPAN
2015	 6.7	SOLOMON ISLANDS
2016	 6.7	INDIA
2017	 6.7	TURKEY
-250	 6.7	KYRGYZSTAN
427	 6.7	AZERBAIJAN
500	 6.7	KAZAKHSTAN
-60	 6.7	PORTUGAL
942	 6.7	UZBEKISTAN
1039	 6.8	TURKEY
1057	 6.8	CHINA
1067	 6.8	CHINA
1290	 6.8	CHINA
138	 6.8	CHINA
1484	 6.8	CHINA
1568	 6.8	CHINA
1573	 6.8	CHINA
1652	 6.8	CHINA
1670	 6.8	CHINA
1674	 6.8	INDONESIA
1680	 6.8	CHINA
1689	 6.8	ECUADOR
1713	 6.8	CHINA
1720	 6.8	CHINA
1748	 6.8	GREECE
1751	 6.8	CHINA
1766	 6.8	CUBA
1791	 6.8	RUSSIA
1792	 6.8	TAIWAN
1815	 6.8	CHINA
1817	 6.8	GREECE
1823	 6.8	INDONESIA
1825	 6.8	GREECE
1834	 6.8	HUNGARY
1848	 6.8	TAIWAN
1852	 6.8	INDONESIA
1859	 6.8	INDONESIA
1861	 6.8	INDONESIA
1868	 6.8	USA
1869	 6.8	CHILE
1876	 6.8	INDONESIA
1885	 6.8	INDONESIA
1887	 6.8	CHINA
1889	 6.8	PHILIPPINES
1893	 6.8	CHINA
1893	 6.8	CHINA
1895	 6.8	IRAN
1896	 6.8	INDONESIA
1900	 6.8	PAPUA NEW GUINEA
1905	 6.8	COSTA RICA
1905	 6.8	TURKEY
1906	 6.8	ETHIOPIA
1906	 6.8	TAIWAN
1908	 6.8	USA
1910	 6.8	CHINA
1913	 6.8	BULGARIA
1913	 6.8	NEW ZEALAND
1917	 6.8	CHINA
1918	 6.8	USA
1923	 6.8	ECUADOR
1924	 6.8	RUSSIA
1924	 6.8	TURKEY
1925	 6.8	JAPAN
1925	 6.8	PHILIPPINES
1925	 6.8	USA
1925	 6.8	USA
1927	 6.8	TAIWAN
1927	 6.8	UKRAINE
1928	 6.8	BULGARIA
1928	 6.8	PERU
1929	 6.8	JAPAN
1932	 6.8	NEW ZEALAND
1932	 6.8	PERU
1936	 6.8	CHINA
1936	 6.8	CHINA
1936	 6.8	CHINA
1942	 6.8	CHINA
1944	 6.8	TURKEY
1946	 6.8	TAIWAN
1948	 6.8	CHINA
1948	 6.8	PERU
1949	 6.8	ECUADOR
1949	 6.8	TURKEY
1950	 6.8	ECUADOR
1950	 6.8	MEXICO
1950	 6.8	VENEZUELA
1952	 6.8	CHINA
1952	 6.8	VANUATU
1953	 6.8	GREECE
1954	 6.8	INDONESIA
1954	 6.8	PHILIPPINES
1954	 6.8	USA
1954	 6.8	USA
1955	 6.8	CHINA
1955	 6.8	TURKEY
1956	 6.8	GREECE
1956	 6.8	IRAN
1958	 6.8	CHILE
1959	 6.8	MEXICO
1960	 6.8	CHINA
1961	 6.8	CHINA
1962	 6.8	CHINA
1962	 6.8	COLOMBIA
1962	 6.8	GREECE
1962	 6.8	JAPAN
1962	 6.8	PANAMA
1964	 6.8	RUSSIA
1966	 6.8	TURKEY
1967	 6.8	CHINA
1967	 6.8	COLOMBIA
1967	 6.8	COLOMBIA
1967	 6.8	INDONESIA
1975	 6.8	INDIA
1976	 6.8	PHILIPPINES
1977	 6.8	SOLOMON ISLANDS
1978	 6.8	RUSSIA
1978	 6.8	UZBEKISTAN
1979	 6.8	GUATEMALA
1979	 6.8	IRAN
1981	 6.8	CHINA
1982	 6.8	JAPAN
1987	 6.8	PAPUA NEW GUINEA
1988	 6.8	ARMENIA
1988	 6.8	PAPUA NEW GUINEA
1989	 6.8	MEXICO
1990	 6.8	INDONESIA
1990	 6.8	KAZAKHSTAN
1994	 6.8	COLOMBIA
1994	 6.8	INDONESIA
1994	 6.8	NEW ZEALAND
1995	 6.8	CHINA
1995	 6.8	INDONESIA
1995	 6.8	JAPAN
1995	 6.8	PHILIPPINES
1996	 6.8	TAIWAN
1999	 6.8	PERU
2000	 6.8	AZERBAIJAN
2000	 6.8	RUSSIA
2001	 6.8	JAPAN
2001	 6.8	TAIWAN
2001	 6.8	USA
2003	 6.8	ALGERIA
2003	 6.8	CHILE
2003	 6.8	TAIWAN
2004	 6.8	JAPAN
2005	 6.8	CONGO
2007	 6.8	COLOMBIA
2007	 6.8	ECUADOR
2007	 6.8	NEW ZEALAND
2008	 6.8	JAPAN
2008	 6.8	JAPAN
2008	 6.8	JAPAN
2010	 6.8	SOLOMON ISLANDS
2011	 6.8	CHILE
2011	 6.8	MYANMAR (BURMA)
2011	 6.8	USA
2012	 6.8	MYANMAR (BURMA)
2013	 6.8	PAKISTAN
2016	 6.8	ECUADOR
2016	 6.8	MYANMAR (BURMA)
2017	 6.8	GUATEMALA
2017	 6.8	INDONESIA
346	 6.8	ALBANIA
543	 6.8	TURKEY
871	 6.8	IRAN
1231	 6.9	TURKEY
1344	 6.9	TURKEY
1596	 6.9	JAPAN
1633	 6.9	GREECE
1644	 6.9	JAPAN
1667	 6.9	AZERBAIJAN
1671	 6.9	JAPAN
1743	 6.9	GREECE
1766	 6.9	JAPAN
1783	 6.9	ITALY
1783	 6.9	ITALY
1792	 6.9	JAPAN
1793	 6.9	JAPAN
1812	 6.9	USA
1820	 6.9	GREECE
1838	 6.9	ROMANIA
1844	 6.9	IRAN
1846	 6.9	JAPAN
1885	 6.9	KYRGYZSTAN
1889	 6.9	GREECE
1894	 6.9	GREECE
1899	 6.9	BOLIVIA
1900	 6.9	INDONESIA
1902	 6.9	AZERBAIJAN
1909	 6.9	JAPAN
1910	 6.9	MEXICO
1911	 6.9	USA
1912	 6.9	MICRONESIA, FED. STATES OF
1919	 6.9	FIJI
1923	 6.9	IRAN
1924	 6.9	ECUADOR
1926	 6.9	SOLOMON ISLANDS
1927	 6.9	JAPAN
1927	 6.9	JAPAN
1928	 6.9	PERU
1929	 6.9	VENEZUELA
1931	 6.9	GREECE
1931	 6.9	PHILIPPINES
1932	 6.9	GREECE
1932	 6.9	MEXICO
1933	 6.9	ECUADOR
1933	 6.9	EL SALVADOR
1934	 6.9	CHILE
1939	 6.9	AFGHANISTAN
1941	 6.9	COSTA RICA
1943	 6.9	ECUADOR
1947	 6.9	GREECE
1947	 6.9	IRAN
1947	 6.9	NEW ZEALAND
1948	 6.9	MEXICO
1951	 6.9	USA
1957	 6.9	TURKEY
1959	 6.9	MEXICO
1961	 6.9	COLOMBIA
1964	 6.9	JAPAN
1968	 6.9	AUSTRALIA
1972	 6.9	IRAN
1972	 6.9	TAIWAN
1975	 6.9	CHILE
1977	 6.9	IRAN
1978	 6.9	PHILIPPINES
1979	 6.9	FIJI
1979	 6.9	PERU
1979	 6.9	SERBIA AND MONTENEGRO
1979	 6.9	USA
1980	 6.9	ITALY
1981	 6.9	JAPAN
1983	 6.9	JAPAN
1983	 6.9	TURKEY
1984	 6.9	JAPAN
1985	 6.9	ARGENTINA
1985	 6.9	SOLOMON ISLANDS
1986	 6.9	ROMANIA
1987	 6.9	CHILE
1989	 6.9	USA
1989	 6.9	USA
1990	 6.9	CHINA
1991	 6.9	SOLOMON ISLANDS
1992	 6.9	TURKEY
1993	 6.9	PAPUA NEW GUINEA
1994	 6.9	INDONESIA
1995	 6.9	INDONESIA
1995	 6.9	INDONESIA
1995	 6.9	JAPAN
1996	 6.9	CHILE
2006	 6.9	SAMOA
2007	 6.9	INDONESIA
2008	 6.9	JAPAN
2008	 6.9	JAPAN
2010	 6.9	CHILE
2010	 6.9	CHINA
2010	 6.9	USA TERRITORY
2011	 6.9	INDIA
2011	 6.9	PERU
2012	 6.9	JAPAN
2014	 6.9	CHINA
2014	 6.9	GREECE
2014	 6.9	MEXICO
2014	 6.9	NEW ZEALAND
2015	 6.9	CHILE
2015	 6.9	USA
2016	 6.9	JAPAN
2016	 6.9	SOLOMON ISLANDS
2017	 6.9	CHILE
2017	 6.9	FIJI
2017	 6.9	GUATEMALA
2017	 6.9	PHILIPPINES
62	 6.9	GREECE
1088	 7.0	JAPAN
1125	 7.0	CHINA
1241	 7.0	JAPAN
1257	 7.0	JAPAN
1331	 7.0	JAPAN
1341	 7.0	JAPAN
1352	 7.0	CHINA
1360	 7.0	JAPAN
1403	 7.0	JAPAN
1408	 7.0	JAPAN
142	 7.0	GREECE
143	 7.0	CHINA
1448	 7.0	JAPAN
1501	 7.0	CHINA
1510	 7.0	JAPAN
1515	 7.0	CHINA
1520	 7.0	JAPAN
1546	 7.0	ISRAEL
1600	 7.0	CHINA
1616	 7.0	JAPAN
1622	 7.0	CHINA
1626	 7.0	CHINA
1629	 7.0	GREECE
1638	 7.0	ITALY
1644	 7.0	COLOMBIA
1683	 7.0	CHINA
1688	 7.0	TURKEY
1692	 7.0	ARGENTINA
1700	 7.0	JAPAN
1708	 7.0	JAPAN
1711	 7.0	INDONESIA
1723	 7.0	GREECE
1755	 7.0	ECUADOR
1755	 7.0	USA
1757	 7.0	ECUADOR
1770	 7.0	INDONESIA
1791	 7.0	GREECE
1811	 7.0	TAIWAN
1815	 7.0	INDONESIA
1818	 7.0	INDONESIA
1827	 7.0	COLOMBIA
1829	 7.0	CHILE
1831	 7.0	TRINIDAD AND TOBAGO
1834	 7.0	COLOMBIA
1834	 7.0	MEXICO
1837	 7.0	MEXICO
1838	 7.0	USA
1840	 7.0	INDONESIA
1842	 7.0	CHINA
1845	 7.0	INDONESIA
1852	 7.0	INDONESIA
1852	 7.0	MEXICO
1855	 7.0	JAPAN
1855	 7.0	JAPAN
1855	 7.0	JAPAN
1857	 7.0	INDONESIA
1859	 7.0	EL SALVADOR
1859	 7.0	INDONESIA
1861	 7.0	INDONESIA
1861	 7.0	INDONESIA
-186	 7.0	CHINA
1867	 7.0	GREECE
1867	 7.0	TAIWAN
1869	 7.0	PHILIPPINES
1870	 7.0	GREECE
1871	 7.0	USA
1875	 7.0	PAPUA NEW GUINEA
1875	 7.0	VANUATU
1880	 7.0	NEW ZEALAND
1880	 7.0	USA
1881	 7.0	JAPAN
1891	 7.0	INDONESIA
1892	 7.0	INDONESIA
1894	 7.0	JAPAN
1897	 7.0	MEXICO
1897	 7.0	MEXICO
1901	 7.0	NICARAGUA
1902	 7.0	EL SALVADOR
1902	 7.0	MEXICO
1905	 7.0	JAPAN
1908	 7.0	AFGHANISTAN
1908	 7.0	ITALY
1912	 7.0	GREECE
1912	 7.0	PERU
1913	 7.0	CHINA
1913	 7.0	PAPUA NEW GUINEA
1913	 7.0	PERU
1914	 7.0	TURKEY
1915	 7.0	CHINA
1916	 7.0	PANAMA
1920	 7.0	CHILE
1923	 7.0	CHILE
1925	 7.0	CHINA
1925	 7.0	MEXICO
1926	 7.0	NICARAGUA
1928	 7.0	BULGARIA
1928	 7.0	PERU
1928	 7.0	PHILIPPINES
1929	 7.0	CANADA
1931	 7.0	JAPAN
1931	 7.0	PAPUA NEW GUINEA
1932	 7.0	MYANMAR (BURMA)
1934	 7.0	MEXICO
1936	 7.0	COLOMBIA
1937	 7.0	CHINA
1937	 7.0	TAIWAN
1938	 7.0	TAIWAN
1939	 7.0	JAPAN
1940	 7.0	CHILE
1941	 7.0	CHINA
1941	 7.0	CHINA
1944	 7.0	CHINA
1946	 7.0	PERU
1947	 7.0	JAPAN
1948	 7.0	CHILE
1949	 7.0	USA
1950	 7.0	CHILE
1950	 7.0	CHINA
1950	 7.0	PERU
1954	 7.0	CHINA
1954	 7.0	GREECE
1954	 7.0	GREECE
1954	 7.0	SPAIN
1954	 7.0	USA
1955	 7.0	CHINA
1956	 7.0	MYANMAR (BURMA)
1957	 7.0	CHILE
1957	 7.0	GREECE
1959	 7.0	RUSSIA
1959	 7.0	TAIWAN
1960	 7.0	PERU
1962	 7.0	MEXICO
1963	 7.0	CHINA
1963	 7.0	IRAN
1963	 7.0	PERU
1964	 7.0	INDONESIA
1964	 7.0	TAIWAN
1964	 7.0	TURKEY
1965	 7.0	CHILE
1966	 7.0	UGANDA
1967	 7.0	PERU
1967	 7.0	RUSSIA
1967	 7.0	TAIWAN
1968	 7.0	PERU
1969	 7.0	EGYPT
1970	 7.0	JAPAN
1971	 7.0	PAPUA NEW GUINEA
1972	 7.0	NEW CALEDONIA
1974	 7.0	SOLOMON ISLANDS
1975	 7.0	RUSSIA
1976	 7.0	RUSSIA
1976	 7.0	UZBEKISTAN
1976	 7.0	UZBEKISTAN
1978	 7.0	CHILE
1978	 7.0	TAIWAN
1980	 7.0	RUSSIA
1982	 7.0	MEXICO
1983	 7.0	GREECE
1984	 7.0	RUSSIA
1984	 7.0	RUSSIA
1984	 7.0	UZBEKISTAN
1990	 7.0	COSTA RICA
1990	 7.0	SUDAN
1991	 7.0	GEORGIA
1991	 7.0	INDIA
1992	 7.0	COLOMBIA
1992	 7.0	CONGO
1992	 7.0	CUBA
1992	 7.0	JAPAN
1992	 7.0	SOLOMON ISLANDS
1993	 7.0	RUSSIA
1994	 7.0	INDONESIA
1994	 7.0	USA
1995	 7.0	ECUADOR
1997	 7.0	INDONESIA
1997	 7.0	VENEZUELA
1998	 7.0	PAPUA NEW GUINEA
1999	 7.0	MEXICO
2000	 7.0	TURKMENISTAN
2001	 7.0	USA TERRITORY
2003	 7.0	INDONESIA
2003	 7.0	JAPAN
2003	 7.0	JAPAN
2004	 7.0	INDONESIA
2004	 7.0	JAPAN
2005	 7.0	JAPAN
2006	 7.0	MOZAMBIQUE
2006	 7.0	TAIWAN
2009	 7.0	INDONESIA
2010	 7.0	HAITI
2010	 7.0	INDONESIA
2010	 7.0	JAPAN
2010	 7.0	NEW ZEALAND
2011	 7.0	JAPAN
2011	 7.0	VANUATU
2012	 7.0	VANUATU
2013	 7.0	COLOMBIA
2013	 7.0	PERU
2013	 7.0	SOLOMON ISLANDS
2015	 7.0	INDONESIA
2015	 7.0	SOLOMON ISLANDS
2016	 7.0	JAPAN
2016	 7.0	NICARAGUA
2016	 7.0	VANUATU
-31	 7.0	ISRAEL
-330	 7.0	GREECE
-479	 7.0	GREECE
525	 7.0	TURKEY
557	 7.0	TURKEY
558	 7.0	TURKEY
701	 7.0	JAPAN
704	 7.0	JAPAN
-70	 7.0	CHINA
734	 7.0	CHINA
746	 7.0	ISRAEL
814	 7.0	CHINA
850	 7.0	JAPAN
863	 7.0	JAPAN
922	 7.0	JAPAN
10	 7.1	TURKMENISTAN
1175	 7.1	TURKMENISTAN
1293	 7.1	JAPAN
1433	 7.1	JAPAN
1481	 7.1	GREECE
1495	 7.1	JAPAN
1633	 7.1	JAPAN
1739	 7.1	JAPAN
1763	 7.1	JAPAN
1851	 7.1	CHILE
1867	 7.1	GREECE
1899	 7.1	JAPAN
1905	 7.1	ITALY
1914	 7.1	JAPAN
1925	 7.1	CHILE
1927	 7.1	CHILE
1927	 7.1	USA
1928	 7.1	CHILE
1929	 7.1	AFGHANISTAN
1930	 7.1	BANGLADESH
1930	 7.1	JAPAN
1931	 7.1	CHILE
1931	 7.1	NEW ZEALAND
1934	 7.1	SOLOMON ISLANDS
1934	 7.1	USA
1938	 7.1	JAPAN
1941	 7.1	TAIWAN
1945	 7.1	JAPAN
1947	 7.1	NEW ZEALAND
1948	 7.1	GREECE
1948	 7.1	PERU
1952	 7.1	JAPAN
1955	 7.1	CHILE
1956	 7.1	CHILE
1957	 7.1	IRAN
1957	 7.1	TURKEY
1957	 7.1	TURKEY
1963	 7.1	RUSSIA
1965	 7.1	GREECE
1966	 7.1	SOLOMON ISLANDS
1968	 7.1	NEW ZEALAND
1970	 7.1	PERU
1970	 7.1	PHILIPPINES
1971	 7.1	INDONESIA
1971	 7.1	RUSSIA
1971	 7.1	USA
1971	 7.1	VANUATU
1972	 7.1	SOLOMON SEA
1973	 7.1	RUSSIA
1974	 7.1	CHILE
1974	 7.1	CHINA
1974	 7.1	SOLOMON ISLANDS
1976	 7.1	INDONESIA
1976	 7.1	INDONESIA
1978	 7.1	KAZAKHSTAN
1981	 7.1	IRAN
1982	 7.1	PHILIPPINES
1985	 7.1	INDONESIA
1985	 7.1	PAPUA NEW GUINEA
1986	 7.1	PAPUA NEW GUINEA
1990	 7.1	PHILIPPINES
1990	 7.1	SUDAN
1991	 7.1	MYANMAR (BURMA)
1992	 7.1	USA
1994	 7.1	PHILIPPINES
1995	 7.1	JAPAN
1995	 7.1	NEW ZEALAND
1995	 7.1	RUSSIA
1996	 7.1	MEXICO
1997	 7.1	CHILE
1997	 7.1	PAKISTAN
-2000	 7.1	TURKMENISTAN
2002	 7.1	TAIWAN
2002	 7.1	USA TERRITORY
2004	 7.1	INDONESIA
2004	 7.1	NEW ZEALAND
2007	 7.1	VANUATU
2010	 7.1	ECUADOR
2010	 7.1	SOLOMON ISLANDS
2011	 7.1	JAPAN
2011	 7.1	TURKEY
2011	 7.1	VANUATU
2013	 7.1	JAPAN
2013	 7.1	PHILIPPINES
2014	 7.1	CHILE
2014	 7.1	INDONESIA
2016	 7.1	NEW ZEALAND
2016	 7.1	USA
-426	 7.1	GREECE
528	 7.1	TURKEY
551	 7.1	GREECE
953	 7.1	TURKMENISTAN
120	 7.2	TURKEY
1494	 7.2	GREECE
1602	 7.2	JAPAN
1636	 7.2	GREECE
1667	 7.2	CROATIA
1851	 7.2	CHILE
1854	 7.2	COSTA RICA
1854	 7.2	COSTA RICA
1890	 7.2	IRAN
1898	 7.2	JAPAN
1901	 7.2	BULGARIA
1904	 7.2	PANAMA
1906	 7.2	PAPUA NEW GUINEA
1909	 7.2	PAKISTAN
1910	 7.2	VANUATU
1914	 7.2	JAPAN
1914	 7.2	PERU
1916	 7.2	DOMINICAN REPUBLIC
1922	 7.2	PERU
1923	 7.2	PAPUA NEW GUINEA
1923	 7.2	PAPUA NEW GUINEA
1923	 7.2	PHILIPPINES
1923	 7.2	RUSSIA
1923	 7.2	USA
1929	 7.2	PHILIPPINES
1932	 7.2	USA
1936	 7.2	RUSSIA
1936	 7.2	TAIWAN
1937	 7.2	AFGHANISTAN
1937	 7.2	INDONESIA
1940	 7.2	USA
1943	 7.2	MYANMAR (BURMA)
1944	 7.2	CHINA
1949	 7.2	PHILIPPINES
1953	 7.2	DOMINICAN REPUBLIC
1953	 7.2	GREECE
1957	 7.2	TAIWAN
1959	 7.2	RUSSIA
1962	 7.2	IRAN
1962	 7.2	JAPAN
1962	 7.2	MEXICO
1963	 7.2	IRAN
1965	 7.2	RUSSIA
1966	 7.2	SOLOMON ISLANDS
1968	 7.2	GREECE
1968	 7.2	JAPAN
1969	 7.2	GUADELOUPE
1972	 7.2	JAPAN
1972	 7.2	PHILIPPINES
1973	 7.2	RUSSIA
1973	 7.2	VANUATU
1977	 7.2	TONGA
1977	 7.2	TONGA
1980	 7.2	USA
1983	 7.2	AFGHANISTAN
1983	 7.2	GREECE
1985	 7.2	PAPUA NEW GUINEA
1987	 7.2	ECUADOR
1987	 7.2	USA
1988	 7.2	MYANMAR (BURMA)
1991	 7.2	SOLOMON ISLANDS
1993	 7.2	GUATEMALA
1995	 7.2	EGYPT
1995	 7.2	PHILIPPINES
1996	 7.2	SOLOMON ISLANDS
1997	 7.2	IRAN
1997	 7.2	MEXICO
1998	 7.2	ECUADOR
1999	 7.2	TURKEY
1999	 7.2	USA
2002	 7.2	VANUATU
2003	 7.2	NEW ZEALAND
2004	 7.2	COLOMBIA
2004	 7.2	JAPAN
2005	 7.2	INDIA
2005	 7.2	JAPAN
2005	 7.2	USA
2007	 7.2	SOLOMON ISLANDS
2007	 7.2	VANUATU
2008	 7.2	CHINA
2009	 7.2	INDONESIA
2010	 7.2	INDONESIA
2010	 7.2	MEXICO
2010	 7.2	VANUATU
2011	 7.2	PAKISTAN
2012	 7.2	CHILE
2012	 7.2	JAPAN
2013	 7.2	RUSSIA
2014	 7.2	MEXICO
2015	 7.2	TAJIKISTAN
2016	 7.2	NEW CALEDONIA
-227	 7.2	GREECE
478	 7.2	TURKEY
743	 7.2	IRAN
1038	 7.3	CHINA
1536	 7.3	CHINA
1561	 7.3	CHINA
1609	 7.3	CHINA
1664	 7.3	PERU
1687	 7.3	ECUADOR
1769	 7.3	RUSSIA
1782	 7.3	JAPAN
1787	 7.3	MEXICO
1804	 7.3	JAPAN
1837	 7.3	INDONESIA
1839	 7.3	JAPAN
1843	 7.3	INDONESIA
1846	 7.3	INDONESIA
1847	 7.3	CHILE
1852	 7.3	TURKEY
1858	 7.3	INDONESIA
1859	 7.3	INDONESIA
1870	 7.3	CHINA
1871	 7.3	CHILE
1872	 7.3	TURKEY
1875	 7.3	TURKEY
1881	 7.3	GREECE
1883	 7.3	TURKEY
1885	 7.3	INDONESIA
1887	 7.3	KAZAKHSTAN
1888	 7.3	NEW ZEALAND
1895	 7.3	SOLOMON SEA
1902	 7.3	PHILIPPINES
1907	 7.3	INDONESIA
1909	 7.3	TAIWAN
1909	 7.3	TAIWAN
1910	 7.3	ZAMBIA
1911	 7.3	CHILE
1915	 7.3	RUSSIA
1916	 7.3	INDONESIA
1917	 7.3	COLOMBIA
1918	 7.3	CHINA
1918	 7.3	USA TERRITORY
1923	 7.3	CHINA
1924	 7.3	CHINA
1924	 7.3	PHILIPPINES
1925	 7.3	PHILIPPINES
1927	 7.3	GREECE
1927	 7.3	JAPAN
1927	 7.3	USA
1928	 7.3	PERU
1928	 7.3	PHILIPPINES
1929	 7.3	CANADA
1930	 7.3	MYANMAR (BURMA)
1930	 7.3	MYANMAR (BURMA)
1936	 7.3	CHILE
1936	 7.3	INDONESIA
1936	 7.3	RUSSIA
1940	 7.3	CHILE
1940	 7.3	ROMANIA
1942	 7.3	TURKEY
1946	 7.3	CANADA
1946	 7.3	PERU
1947	 7.3	PAPUA NEW GUINEA
1947	 7.3	PERU
1948	 7.3	CHINA
1948	 7.3	JAPAN
1948	 7.3	TURKMENISTAN
1949	 7.3	CHILE
1949	 7.3	CHINA
1950	 7.3	SOLOMON ISLANDS
1951	 7.3	TAIWAN
1954	 7.3	CHINA
1955	 7.3	INDIA
1955	 7.3	PAPUA NEW GUINEA
1956	 7.3	ECUADOR
1956	 7.3	NICARAGUA
1957	 7.3	INDONESIA
1958	 7.3	PERU
1959	 7.3	SOLOMON ISLANDS
1961	 7.3	JAPAN
1961	 7.3	JAPAN
1961	 7.3	VANUATU
1962	 7.3	CHILE
1963	 7.3	TAIWAN
1965	 7.3	AFGHANISTAN
1965	 7.3	CHILE
1965	 7.3	VANUATU
1967	 7.3	TURKEY
1968	 7.3	IRAN
1968	 7.3	KERMADEC ISLANDS (NEW ZEALAND)
1968	 7.3	PHILIPPINES
1968	 7.3	RUSSIA
1969	 7.3	RUSSIA
1970	 7.3	PAPUA NEW GUINEA
1970	 7.3	PHILIPPINES
1971	 7.3	JAPAN
1974	 7.3	COLOMBIA
1976	 7.3	CHILE
1976	 7.3	CHINA
1976	 7.3	TURKEY
1977	 7.3	PHILIPPINES
1981	 7.3	MEXICO
1983	 7.3	CHILE
1983	 7.3	COSTA RICA
1983	 7.3	USA
1987	 7.3	CHILE
1987	 7.3	TONGA
1988	 7.3	CHINA
1994	 7.3	RUSSIA
1996	 7.3	USA
1999	 7.3	PHILIPPINES
2002	 7.3	INDONESIA
2003	 7.3	RUSSIA
2003	 7.3	SOLOMON ISLANDS
2004	 7.3	INDONESIA
2008	 7.3	INDONESIA
2008	 7.3	NEW CALEDONIA
2009	 7.3	HONDURAS
2009	 7.3	INDONESIA
2010	 7.3	VANUATU
2011	 7.3	USA
2012	 7.3	GUATEMALA
2012	 7.3	NICARAGUA
2014	 7.3	EL SALVADOR
2015	 7.3	NEPAL
-2150	 7.3	JORDAN
-373	 7.3	GREECE
447	 7.3	TURKEY
740	 7.3	TURKEY
1677	 7.4	JAPAN
1678	 7.4	JAPAN
1763	 7.4	JAPAN
1769	 7.4	JAPAN
1770	 7.4	JAPAN
1771	 7.4	JAPAN
1772	 7.4	JAPAN
1802	 7.4	ROMANIA
1833	 7.4	JAPAN
1847	 7.4	JAPAN
1861	 7.4	JAPAN
1872	 7.4	JAPAN
1897	 7.4	JAPAN
1900	 7.4	MEXICO
1907	 7.4	PAPUA NEW GUINEA
1907	 7.4	PHILIPPINES
1907	 7.4	TAJIKISTAN
1910	 7.4	JAPAN
1911	 7.4	TAJIKISTAN
1919	 7.4	PHILIPPINES
1922	 7.4	PERU
1929	 7.4	IRAN
1931	 7.4	INDONESIA
1931	 7.4	PAKISTAN
1932	 7.4	INDONESIA
1939	 7.4	CHILE
1940	 7.4	USA
1941	 7.4	JAPAN
1941	 7.4	PAPUA NEW GUINEA
1943	 7.4	JAPAN
1944	 7.4	TURKEY
1949	 7.4	TAJIKISTAN
1953	 7.4	CHILE
1953	 7.4	JAPAN
1953	 7.4	PAPUA NEW GUINEA
1953	 7.4	PERU
1954	 7.4	MYANMAR (BURMA)
1959	 7.4	PERU
1960	 7.4	CHILE
1962	 7.4	PANAMA
1964	 7.4	MEXICO
1966	 7.4	CHINA
1968	 7.4	INDONESIA
1969	 7.4	CHINA
1969	 7.4	INDONESIA
1970	 7.4	TURKEY
1972	 7.4	JAPAN
1972	 7.4	PHILIPPINES
1975	 7.4	CHINA
1976	 7.4	CHINA
1976	 7.4	CHINA
1977	 7.4	ARGENTINA
1978	 7.4	TAIWAN
1989	 7.4	JAPAN
1992	 7.4	COLOMBIA
1995	 7.4	MEXICO
1995	 7.4	SAMOA
2002	 7.4	AFGHANISTAN
2004	 7.4	JAPAN
2007	 7.4	MARTINIQUE
2007	 7.4	NEW ZEALAND
2008	 7.4	INDONESIA
2009	 7.4	RUSSIA
2010	 7.4	JAPAN
2011	 7.4	KERMADEC ISLANDS (NEW ZEALAND)
2012	 7.4	MEXICO
2014	 7.4	SOLOMON ISLANDS
2016	 7.4	SOUTH GEORGIA AND THE SOUTH SANDWICH ISLANDS
1026	 7.5	JAPAN
115	 7.5	TURKEY
1257	 7.5	JAPAN
1482	 7.5	TURKEY
1498	 7.5	JAPAN
1605	 7.5	CHINA
1615	 7.5	CHILE
1616	 7.5	JAPAN
1645	 7.5	ECUADOR
1653	 7.5	TURKEY
1681	 7.5	CHILE
1687	 7.5	CHILE
1688	 7.5	GREECE
1709	 7.5	CHINA
1715	 7.5	PERU
1716	 7.5	CHINA
1718	 7.5	CHINA
1733	 7.5	CHINA
1737	 7.5	RUSSIA
1742	 7.5	RUSSIA
1757	 7.5	INDONESIA
1766	 7.5	VENEZUELA
1768	 7.5	PAPUA NEW GUINEA
1780	 7.5	RUSSIA
1786	 7.5	CHINA
1790	 7.5	RUSSIA
1806	 7.5	MEXICO
1806	 7.5	PERU
180	 7.5	CHINA
1812	 7.5	USA
1816	 7.5	GUATEMALA
1818	 7.5	MEXICO
1820	 7.5	INDONESIA
1829	 7.5	RUSSIA
1830	 7.5	CHINA
1833	 7.5	INDIA
1836	 7.5	CHILE
1836	 7.5	INDONESIA
1837	 7.5	MEXICO
1843	 7.5	NEW ZEALAND
1846	 7.5	INDIA
1847	 7.5	RUSSIA
1849	 7.5	CHILE
1849	 7.5	RUSSIA
1849	 7.5	USA TERRITORY
1850	 7.5	CHINA
1852	 7.5	PHILIPPINES
1856	 7.5	HONDURAS
1858	 7.5	RUSSIA
1861	 7.5	GREECE
1862	 7.5	RUSSIA
1863	 7.5	VANUATU
1867	 7.5	USA TERRITORY
1868	 7.5	BANGLADESH
1869	 7.5	CHILE
1869	 7.5	GREECE
1870	 7.5	GREECE
1871	 7.5	CHILE
1875	 7.5	COLOMBIA
1875	 7.5	MEXICO
1878	 7.5	VANUATU
1880	 7.5	PHILIPPINES
1882	 7.5	INDONESIA
1884	 7.5	PANAMA
1886	 7.5	GREECE
1888	 7.5	CHINA
1888	 7.5	TRINIDAD AND TOBAGO
1892	 7.5	USA TERRITORY
1893	 7.5	ALBANIA
1894	 7.5	ARGENTINA
1894	 7.5	JAPAN
1895	 7.5	GREECE
1896	 7.5	AFGHANISTAN
1900	 7.5	COSTA RICA
1901	 7.5	RUSSIA
1902	 7.5	GUATEMALA
1904	 7.5	BULGARIA
1904	 7.5	NEW ZEALAND
1905	 7.5	GEORGIA
1905	 7.5	JAPAN
1905	 7.5	KERMADEC ISLANDS (NEW ZEALAND)
1905	 7.5	PAPUA NEW GUINEA
1906	 7.5	MEXICO
1908	 7.5	INDONESIA
1908	 7.5	INDONESIA
1908	 7.5	MEXICO
1908	 7.5	MYANMAR (BURMA)
1908	 7.5	PHILIPPINES
1909	 7.5	JAPAN
1910	 7.5	HONDURAS
1910	 7.5	INDONESIA
1910	 7.5	JAPAN
1910	 7.5	VANUATU
1912	 7.5	ARGENTINA
1912	 7.5	ICELAND
1912	 7.5	MICRONESIA, FED. STATES OF
1912	 7.5	USA
1913	 7.5	PAPUA NEW GUINEA
1913	 7.5	RUSSIA
1913	 7.5	VANUATU
1914	 7.5	CHINA
1914	 7.5	MEXICO
1915	 7.5	ITALY
1916	 7.5	ARGENTINA
1916	 7.5	BOLIVIA
1916	 7.5	NICARAGUA
1916	 7.5	PAPUA NEW GUINEA
1916	 7.5	USA
1917	 7.5	CHINA
1917	 7.5	KERMADEC ISLANDS (NEW ZEALAND)
1918	 7.5	PAPUA NEW GUINEA
1918	 7.5	PHILIPPINES
1921	 7.5	GUATEMALA
1921	 7.5	INDONESIA
1921	 7.5	PHILIPPINES
1922	 7.5	AFGHANISTAN
1922	 7.5	PAPUA NEW GUINEA
1922	 7.5	RUSSIA
1923	 7.5	INDONESIA
1924	 7.5	AUSTRALIA
1925	 7.5	ATLANTIC OCEAN
1926	 7.5	JAPAN
1926	 7.5	SOLOMON ISLANDS
1927	 7.5	RUSSIA
1928	 7.5	NEW CALEDONIA
1929	 7.5	CHILE
1929	 7.5	NEW ZEALAND
1930	 7.5	IRAN
1931	 7.5	JAPAN
1932	 7.5	PACIFIC OCEAN
1933	 7.5	CHINA
1933	 7.5	INDONESIA
1934	 7.5	NEW ZEALAND
1935	 7.5	PAKISTAN
1937	 7.5	CHINA
1937	 7.5	MEXICO
1937	 7.5	PHILIPPINES
1938	 7.5	JAPAN
1938	 7.5	PAPUA NEW GUINEA
1940	 7.5	JAPAN
1942	 7.5	INDONESIA
1943	 7.5	MEXICO
1943	 7.5	NEW CALEDONIA
1944	 7.5	INDONESIA
1944	 7.5	NEW CALEDONIA
1944	 7.5	PAPUA NEW GUINEA
1944	 7.5	VANUATU
1946	 7.5	DOMINICAN REPUBLIC
1946	 7.5	MYANMAR (BURMA)
1946	 7.5	TURKMENISTAN
1948	 7.5	USA
1949	 7.5	AFGHANISTAN
1949	 7.5	PAPUA NEW GUINEA
1949	 7.5	TONGA
1950	 7.5	GUATEMALA
1950	 7.5	MEXICO
1951	 7.5	CHINA
1951	 7.5	TAIWAN
1952	 7.5	PERU
1953	 7.5	SOLOMON ISLANDS
1953	 7.5	TURKEY
1953	 7.5	VANUATU
1954	 7.5	ATLANTIC OCEAN
1955	 7.5	CHINA
1956	 7.5	FIJI
1956	 7.5	INDONESIA
1957	 7.5	FIJI
1957	 7.5	INDONESIA
1957	 7.5	SAMOA
1957	 7.5	USA
1958	 7.5	JAPAN
1958	 7.5	PERU
1959	 7.5	BOLIVIA
1959	 7.5	TAIWAN
1960	 7.5	JAPAN
1961	 7.5	KERMADEC ISLANDS (NEW ZEALAND)
1961	 7.5	PERU
1961	 7.5	SOUTH GEORGIA AND THE SOUTH SANDWICH ISLANDS
1963	 7.5	SOLOMON ISLANDS
1963	 7.5	SOLOMON ISLANDS
1963	 7.5	TONGA
1964	 7.5	JAPAN
1964	 7.5	VANUATU
1967	 7.5	CHILE
1967	 7.5	MONGOLIA
1968	 7.5	JAPAN
1968	 7.5	JAPAN
1968	 7.5	JAPAN
1968	 7.5	MEXICO
1968	 7.5	PAPUA NEW GUINEA
1969	 7.5	INDONESIA
1969	 7.5	SOLOMON ISLANDS
1970	 7.5	CANADA
1970	 7.5	SOLOMON ISLANDS
1972	 7.5	TAIWAN
1973	 7.5	ANTARCTICA
1973	 7.5	CHINA
1973	 7.5	MEXICO
1973	 7.5	PHILIPPINES
1973	 7.5	VANUATU
1974	 7.5	ANTIGUA AND BARBUDA
1976	 7.5	CHINA
1976	 7.5	GUATEMALA
1977	 7.5	ROMANIA
1977	 7.5	SOLOMON ISLANDS
1978	 7.5	RUSSIA
1978	 7.5	RUSSIA
1979	 7.5	IRAN
1979	 7.5	NEW ZEALAND
1979	 7.5	USA
1980	 7.5	SOLOMON ISLANDS
1981	 7.5	CHILE
1981	 7.5	GREECE
1982	 7.5	SOLOMON ISLANDS
1984	 7.5	SOLOMON ISLANDS
1985	 7.5	CHILE
1985	 7.5	CHINA
1989	 7.5	PHILIPPINES
1990	 7.5	PAPUA NEW GUINEA
1990	 7.5	USA TERRITORY
1991	 7.5	INDONESIA
1992	 7.5	KYRGYZSTAN
1992	 7.5	PHILIPPINES
1993	 7.5	RUSSIA
1996	 7.5	PERU
1997	 7.5	CHINA
1998	 7.5	TAIWAN
1999	 7.5	MEXICO
1999	 7.5	VANUATU
2001	 7.5	INDONESIA
2001	 7.5	PHILIPPINES
2002	 7.5	PHILIPPINES
2003	 7.5	MEXICO
2004	 7.5	INDONESIA
2005	 7.5	PERU
2007	 7.5	INDONESIA
2007	 7.5	INDONESIA
2007	 7.5	JAPAN
2009	 7.5	INDIA
2009	 7.5	INDONESIA
2010	 7.5	INDIA
2011	 7.5	JAPAN
2013	 7.5	USA
2014	 7.5	PAPUA NEW GUINEA
2015	 7.5	AFGHANISTAN
2015	 7.5	PAPUA NEW GUINEA
2015	 7.5	PAPUA NEW GUINEA
512	 7.5	CHINA
818	 7.5	AFGHANISTAN
1042	 7.6	IRAN
1202	 7.6	SYRIA
1209	 7.6	IRAN
1336	 7.6	IRAN
1389	 7.6	IRAN
1552	 7.6	PERU
1556	 7.6	ECUADOR
1608	 7.6	IRAN
1641	 7.6	ECUADOR
1646	 7.6	JAPAN
1662	 7.6	JAPAN
1717	 7.6	JAPAN
1725	 7.6	PERU
1730	 7.6	JAPAN
1820	 7.6	MEXICO
1822	 7.6	COSTA RICA
1835	 7.6	JAPAN
1859	 7.6	CHILE
1868	 7.6	NEW ZEALAND
1896	 7.6	RUSSIA
1898	 7.6	USA
1900	 7.6	SOLOMON ISLANDS
1904	 7.6	JAPAN
1905	 7.6	KIRIBATI
1906	 7.6	USA
1907	 7.6	PERU
1907	 7.6	PHILIPPINES
1908	 7.6	RUSSIA
1909	 7.6	CHILE
1909	 7.6	INDONESIA
1911	 7.6	AFGHANISTAN
1911	 7.6	MEXICO
1911	 7.6	RUSSIA
1913	 7.6	TONGA
1914	 7.6	CHILE
1914	 7.6	INDONESIA
1914	 7.6	PALAU
1915	 7.6	PERU
1915	 7.6	USA
1918	 7.6	BANGLADESH
1919	 7.6	JAPAN
1921	 7.6	PERU
1922	 7.6	COLOMBIA
1922	 7.6	PERU
1922	 7.6	TAIWAN
1922	 7.6	USA
1924	 7.6	RUSSIA
1925	 7.6	VANUATU
1927	 7.6	CHINA
1928	 7.6	CHILE
1928	 7.6	MEXICO
1931	 7.6	MYANMAR (BURMA)
1932	 7.6	CHINA
1932	 7.6	NICARAGUA
1933	 7.6	CHILE
1935	 7.6	RUSSIA
1935	 7.6	SOLOMON ISLANDS
1937	 7.6	RUSSIA
1938	 7.6	INDONESIA
1938	 7.6	JAPAN
1938	 7.6	JAPAN
1941	 7.6	COSTA RICA
1941	 7.6	INDIA
1943	 7.6	INDONESIA
1943	 7.6	INDONESIA
1943	 7.6	KERMADEC ISLANDS (NEW ZEALAND)
1943	 7.6	RUSSIA
1943	 7.6	TURKEY
1946	 7.6	KYRGYZSTAN
1947	 7.6	PAKISTAN
1950	 7.6	INDONESIA
1953	 7.6	CHILE
1955	 7.6	PHILIPPINES
1956	 7.6	AFGHANISTAN
1956	 7.6	RUSSIA
1957	 7.6	PHILIPPINES
1957	 7.6	RUSSIA
1958	 7.6	COLOMBIA
1961	 7.6	INDIA
1964	 7.6	PAPUA NEW GUINEA
1965	 7.6	INDONESIA
1965	 7.6	USA
1965	 7.6	VANUATU
1966	 7.6	CHINA
1968	 7.6	AZORES (PORTUGAL)
1968	 7.6	INDONESIA
1969	 7.6	JAPAN
1970	 7.6	AUSTRALIA
1970	 7.6	PERU
1970	 7.6	PHILIPPINES
1972	 7.6	TAIWAN
1972	 7.6	USA
1973	 7.6	CHINA
1975	 7.6	PHILIPPINES
1975	 7.6	USA
1977	 7.6	SAMOA
1977	 7.6	SOLOMON ISLANDS
1978	 7.6	RUSSIA
1979	 7.6	MEXICO
1981	 7.6	NEW ZEALAND
1983	 7.6	PAPUA NEW GUINEA
1983	 7.6	UK TERRITORY
1985	 7.6	MEXICO
1985	 7.6	VANUATU
1985	 7.6	VANUATU
1987	 7.6	PAPUA NEW GUINEA
1988	 7.6	SOLOMON ISLANDS
1990	 7.6	FIJI
1990	 7.6	INDONESIA
1991	 7.6	COSTA RICA
1991	 7.6	RUSSIA
1992	 7.6	USA
1993	 7.6	JAPAN
1994	 7.6	FIJI
1999	 7.6	TURKEY
2000	 7.6	INDONESIA
2000	 7.6	JAPAN
2001	 7.6	PERU
2002	 7.6	INDONESIA
2002	 7.6	PAPUA NEW GUINEA
2003	 7.6	ANTARCTICA
2003	 7.6	INDIAN OCEAN
2005	 7.6	PAKISTAN
2006	 7.6	INDONESIA
2006	 7.6	RUSSIA
2009	 7.6	INDONESIA
2009	 7.6	TONGA
2009	 7.6	VANUATU
2010	 7.6	PHILIPPINES
2011	 7.6	JAPAN
2011	 7.6	KERMADEC ISLANDS (NEW ZEALAND)
2012	 7.6	COSTA RICA
2012	 7.6	PHILIPPINES
2014	 7.6	CHILE
2014	 7.6	SOLOMON ISLANDS
2015	 7.6	PERU
2015	 7.6	PERU
2016	 7.6	CHILE
-400	 7.6	IRAN
763	 7.6	IRAN
1483	 7.7	IRAN
1509	 7.7	TURKEY
1531	 7.7	PORTUGAL
1590	 7.7	PERU
1614	 7.7	JAPAN
1655	 7.7	PERU
1660	 7.7	ECUADOR
1674	 7.7	ECUADOR
1698	 7.7	ECUADOR
1721	 7.7	IRAN
1725	 7.7	PERU
1742	 7.7	RUSSIA
1761	 7.7	RUSSIA
1780	 7.7	IRAN
1796	 7.7	CHILE
1812	 7.7	VENEZUELA
1819	 7.7	INDIA
1833	 7.7	PERU
1868	 7.7	ECUADOR
1880	 7.7	CHILE
1886	 7.7	USA
1897	 7.7	JAPAN
1897	 7.7	PERU
1902	 7.7	CHINA
1903	 7.7	COLOMBIA
1903	 7.7	MEXICO
1904	 7.7	ECUADOR
1906	 7.7	COLOMBIA
1906	 7.7	COLOMBIA
1906	 7.7	COLOMBIA
1907	 7.7	MEXICO
1907	 7.7	PAPUA NEW GUINEA
1909	 7.7	IRAN
1909	 7.7	SOLOMON ISLANDS
1911	 7.7	KAZAKHSTAN
1911	 7.7	MICRONESIA, FED. STATES OF
1913	 7.7	ECUADOR
1913	 7.7	PHILIPPINES
1913	 7.7	RUSSIA
1915	 7.7	JAPAN
1916	 7.7	NEPAL
1916	 7.7	RUSSIA
1916	 7.7	USA
1917	 7.7	MEXICO
1917	 7.7	PAPUA NEW GUINEA
1917	 7.7	TAIWAN
1918	 7.7	RUSSIA
1920	 7.7	PAPUA NEW GUINEA
1921	 7.7	MEXICO
1923	 7.7	JAPAN
1923	 7.7	RUSSIA
1928	 7.7	MEXICO
1928	 7.7	MEXICO
1928	 7.7	MEXICO
1929	 7.7	RUSSIA
1931	 7.7	JAPAN
1931	 7.7	NEW ZEALAND
1931	 7.7	SOLOMON ISLANDS
1933	 7.7	CANADA
1934	 7.7	PANAMA
1936	 7.7	INDONESIA
1937	 7.7	MEXICO
1938	 7.7	JAPAN
1939	 7.7	PAPUA NEW GUINEA
1939	 7.7	TURKEY
1946	 7.7	PAPUA NEW GUINEA
1947	 7.7	CHINA
1950	 7.7	COSTA RICA
1950	 7.7	TONGA
1952	 7.7	USA
1956	 7.7	TONGA
1959	 7.7	KERMADEC ISLANDS (NEW ZEALAND)
1959	 7.7	USA
1961	 7.7	SOUTH GEORGIA AND THE SOUTH SANDWICH ISLANDS
1961	 7.7	SOUTH GEORGIA AND THE SOUTH SANDWICH ISLANDS
1963	 7.7	PERU
1968	 7.7	INDONESIA
1969	 7.7	INDONESIA
1972	 7.7	TAIWAN
1973	 7.7	JAPAN
1975	 7.7	ATLANTIC OCEAN
1975	 7.7	CHILE
1975	 7.7	PAPUA NEW GUINEA
1975	 7.7	USA
1978	 7.7	JAPAN
1978	 7.7	KERMADEC ISLANDS (NEW ZEALAND)
1978	 7.7	MEXICO
1979	 7.7	COLOMBIA
1980	 7.7	ALGERIA
1981	 7.7	SAMOA
1982	 7.7	TONGA
1983	 7.7	JAPAN
1987	 7.7	AUSTRALIA
1987	 7.7	PAPUA NEW GUINEA
1990	 7.7	IRAN
1992	 7.7	NICARAGUA
1993	 7.7	JAPAN
1995	 7.7	NEW CALEDONIA
1995	 7.7	PAPUA NEW GUINEA
1996	 7.7	PERU
1997	 7.7	SOLOMON ISLANDS
1997	 7.7	TONGA
1998	 7.7	INDONESIA
1999	 7.7	TAIWAN
2001	 7.7	EL SALVADOR
2001	 7.7	INDIA
2002	 7.7	FIJI
2002	 7.7	FIJI
2005	 7.7	CHILE
2005	 7.7	PAPUA NEW GUINEA
2006	 7.7	INDONESIA
2007	 7.7	CHILE
2008	 7.7	RUSSIA
2012	 7.7	CANADA
2012	 7.7	RUSSIA
2013	 7.7	IRAN
2013	 7.7	PAKISTAN
2016	 7.7	USA TERRITORY
2017	 7.7	RUSSIA
1566	 7.8	COLOMBIA
1575	 7.8	ECUADOR
1582	 7.8	PERU
1699	 7.8	PERU
1737	 7.8	RUSSIA
1763	 7.8	JAPAN
1831	 7.8	CHILE
1839	 7.8	MARTINIQUE
1864	 7.8	INDONESIA
1872	 7.8	USA
1899	 7.8	INDONESIA
1899	 7.8	JAMAICA
1899	 7.8	USA
1900	 7.8	JAPAN
1900	 7.8	MEXICO
1901	 7.8	ECUADOR
1901	 7.8	PHILIPPINES
1901	 7.8	USA
1902	 7.8	MEXICO
1902	 7.8	MEXICO
1902	 7.8	PAPUA NEW GUINEA
1902	 7.8	TONGA
1902	 7.8	USA
1903	 7.8	GREECE
1903	 7.8	MONGOLIA
1903	 7.8	PHILIPPINES
1904	 7.8	BULGARIA
1905	 7.8	GREECE
1905	 7.8	INDIA
1905	 7.8	JAPAN
1905	 7.8	RUSSIA
1906	 7.8	AUSTRALIA
1906	 7.8	USA
1907	 7.8	INDONESIA
1907	 7.8	USA
1909	 7.8	FIJI
1909	 7.8	MEXICO
1909	 7.8	USA
1910	 7.8	TAIWAN
1911	 7.8	PHILIPPINES
1912	 7.8	MEXICO
1912	 7.8	TURKEY
1913	 7.8	INDONESIA
1915	 7.8	JAPAN
1916	 7.8	JAPAN
1916	 7.8	TURKEY
1917	 7.8	INDONESIA
1917	 7.8	RUSSIA
1918	 7.8	CHILE
1918	 7.8	RUSSIA
1919	 7.8	PAPUA NEW GUINEA
1920	 7.8	MEXICO
1920	 7.8	NEW CALEDONIA
1921	 7.8	AFGHANISTAN
1924	 7.8	AUSTRALIA
1928	 7.8	MEXICO
1929	 7.8	SOUTH GEORGIA AND THE SOUTH SANDWICH ISLANDS
1929	 7.8	USA
1929	 7.8	USA
1931	 7.8	SOLOMON ISLANDS
1934	 7.8	SOLOMON ISLANDS
1935	 7.8	PAPUA NEW GUINEA
1942	 7.8	PHILIPPINES
1943	 7.8	USA TERRITORY
1944	 7.8	ARGENTINA
1945	 7.8	PAPUA NEW GUINEA
1946	 7.8	MYANMAR (BURMA)
1949	 7.8	CHILE
1949	 7.8	CHILE
1950	 7.8	VANUATU
1951	 7.8	PHILIPPINES
1952	 7.8	PHILIPPINES
1955	 7.8	KERMADEC ISLANDS (NEW ZEALAND)
1956	 7.8	GREECE
1957	 7.8	BOLIVIA
1957	 7.8	SOLOMON ISLANDS
1958	 7.8	USA
1960	 7.8	PERU
1965	 7.8	MEXICO
1966	 7.8	CHILE
1966	 7.8	SOLOMON ISLANDS
1968	 7.8	PAPUA NEW GUINEA
1969	 7.8	PORTUGAL
1970	 7.8	CHINA
1971	 7.8	CHILE
1971	 7.8	RUSSIA
1972	 7.8	INDONESIA
1975	 7.8	SAMOA
1975	 7.8	TONGA
1976	 7.8	KERMADEC ISLANDS (NEW ZEALAND)
1978	 7.8	IRAN
1986	 7.8	TAIWAN
1988	 7.8	USA
1990	 7.8	PHILIPPINES
1992	 7.8	INDONESIA
1993	 7.8	USA TERRITORY
1994	 7.8	INDONESIA
1994	 7.8	JAPAN
1997	 7.8	RUSSIA
2000	 7.8	PAPUA NEW GUINEA
2000	 7.8	PAPUA NEW GUINEA
2001	 7.8	CHINA
2003	 7.8	USA
2007	 7.8	KERMADEC ISLANDS (NEW ZEALAND)
2009	 7.8	NEW ZEALAND
2009	 7.8	SOLOMON ISLANDS
2010	 7.8	INDONESIA
2010	 7.8	INDONESIA
2013	 7.8	ANTARCTICA
2015	 7.8	JAPAN
2015	 7.8	NEPAL
2016	 7.8	ECUADOR
2016	 7.8	INDONESIA
2016	 7.8	NEW ZEALAND
2016	 7.8	SOLOMON ISLANDS
1600	 7.9	PERU
1605	 7.9	JAPAN
1605	 7.9	JAPAN
1610	 7.9	VENEZUELA
1846	 7.9	PERU
1848	 7.9	NEW ZEALAND
1867	 7.9	GREECE
1868	 7.9	USA
1870	 7.9	MEXICO
1878	 7.9	CHILE
1881	 7.9	INDIA
1894	 7.9	JAPAN
1897	 7.9	JAPAN
1897	 7.9	PHILIPPINES
1897	 7.9	PHILIPPINES
1897	 7.9	PHILIPPINES
1898	 7.9	NICARAGUA
1899	 7.9	RUSSIA
1900	 7.9	COLOMBIA
1900	 7.9	RUSSIA
1901	 7.9	JAPAN
1901	 7.9	JAPAN
1903	 7.9	VANUATU
1904	 7.9	COLOMBIA
1904	 7.9	JAPAN
1904	 7.9	JAPAN
1904	 7.9	RUSSIA
1905	 7.9	USA
1906	 7.9	ECUADOR
1906	 7.9	MARTINIQUE
1906	 7.9	PERU
1906	 7.9	USA
1907	 7.9	INDONESIA
1907	 7.9	RUSSIA
1909	 7.9	JAPAN
1910	 7.9	VANUATU
1910	 7.9	VANUATU
1911	 7.9	MEXICO
1913	 7.9	PERU
1915	 7.9	EL SALVADOR
1916	 7.9	PAPUA NEW GUINEA
1917	 7.9	USA
1918	 7.9	CHILE
1923	 7.9	JAPAN
1926	 7.9	AUSTRALIA
1926	 7.9	GREECE
1926	 7.9	INDONESIA
1931	 7.9	MEXICO
1932	 7.9	KERMADEC ISLANDS (NEW ZEALAND)
1932	 7.9	MEXICO
1934	 7.9	PHILIPPINES
1935	 7.9	INDONESIA
1939	 7.9	SOLOMON ISLANDS
1941	 7.9	MEXICO
1942	 7.9	ECUADOR
1942	 7.9	GUATEMALA
1942	 7.9	SOUTH AFRICA
1943	 7.9	AUSTRALIA
1946	 7.9	CHILE
1946	 7.9	DOMINICAN REPUBLIC
1947	 7.9	INDIA
1948	 7.9	INDONESIA
1948	 7.9	TONGA
1950	 7.9	PERU
1950	 7.9	RUSSIA
1951	 7.9	INDIAN OCEAN
1951	 7.9	PERU
1957	 7.9	MEXICO
1963	 7.9	RUSSIA
1970	 7.9	PERU
1971	 7.9	PAPUA NEW GUINEA
1971	 7.9	PAPUA NEW GUINEA
1975	 7.9	PAPUA NEW GUINEA
1979	 7.9	INDONESIA
1980	 7.9	SOLOMON ISLANDS
1987	 7.9	USA
1995	 7.9	RUSSIA
1996	 7.9	INDONESIA
1996	 7.9	USA
2000	 7.9	AUSTRALIA
2000	 7.9	INDONESIA
2002	 7.9	USA
2006	 7.9	TONGA
2007	 7.9	INDONESIA
2008	 7.9	CHINA
2011	 7.9	JAPAN
2013	 7.9	SOLOMON ISLANDS
2014	 7.9	USA
2016	 7.9	PAPUA NEW GUINEA
2017	 7.9	PAPUA NEW GUINEA
745	 7.9	JAPAN
818	 7.9	JAPAN
856	 7.9	IRAN
1303	 8.0	CHINA
1471	 8.0	PERU
1530	 8.0	VENEZUELA
1556	 8.0	CHINA
1562	 8.0	CHILE
1604	 8.0	CHINA
1627	 8.0	PHILIPPINES
1645	 8.0	PHILIPPINES
1654	 8.0	CHINA
1657	 8.0	CHILE
1679	 8.0	CHINA
1690	 8.0	ANTIGUA AND BARBUDA
1695	 8.0	CHINA
1737	 8.0	CHILE
1739	 8.0	CHINA
1746	 8.0	PERU
1784	 8.0	PERU
1788	 8.0	USA
1788	 8.0	USA
1797	 8.0	INDONESIA
1811	 8.0	USA
1812	 8.0	CHINA
1817	 8.0	FRANCE
1819	 8.0	CHILE
1819	 8.0	CHILE
1826	 8.0	NEW ZEALAND
1833	 8.0	CHINA
1833	 8.0	NEPAL
1845	 8.0	MEXICO
1855	 8.0	NEW ZEALAND
1856	 8.0	JAPAN
1857	 8.0	PAPUA NEW GUINEA
1865	 8.0	TONGA
1868	 8.0	ECUADOR
1873	 8.0	PAPUA NEW GUINEA
1875	 8.0	NEW CALEDONIA
1878	 8.0	VANUATU
1879	 8.0	CHINA
1887	 8.0	MEXICO
1889	 8.0	INDONESIA
1897	 8.0	INDIA
1902	 8.0	RUSSIA
1903	 8.0	TONGA
1906	 8.0	PAPUA NEW GUINEA
1909	 8.0	USA TERRITORY
1910	 8.0	SOLOMON ISLANDS
1911	 8.0	JAPAN
1912	 8.0	MYANMAR (BURMA)
1916	 8.0	JAPAN
1917	 8.0	KERMADEC ISLANDS (NEW ZEALAND)
1920	 8.0	TAIWAN
1931	 8.0	CHINA
1934	 8.0	NEPAL
1939	 8.0	INDONESIA
1945	 8.0	PAKISTAN
1950	 8.0	CHILE
1966	 8.0	TAIWAN
1976	 8.0	KERMADEC ISLANDS (NEW ZEALAND)
1976	 8.0	PHILIPPINES
1977	 8.0	INDONESIA
1985	 8.0	CHILE
1986	 8.0	USA
1995	 8.0	CHILE
1995	 8.0	MEXICO
2000	 8.0	PAPUA NEW GUINEA
2007	 8.0	PERU
365	 8.0	GREECE
1600	 8.1	PERU
1611	 8.1	JAPAN
1630	 8.1	PERU
1650	 8.1	PERU
1677	 8.1	JAPAN
1842	 8.1	HAITI
1897	 8.1	PHILIPPINES
1902	 8.1	USA TERRITORY
1903	 8.1	INDONESIA
1904	 8.1	RUSSIA
1908	 8.1	MEXICO
1909	 8.1	AFGHANISTAN
1913	 8.1	VANUATU
1914	 8.1	INDONESIA
1914	 8.1	JAPAN
1915	 8.1	RUSSIA
1916	 8.1	INDONESIA
1916	 8.1	INDONESIA
1918	 8.1	INDONESIA
1919	 8.1	TONGA
1928	 8.1	INDIAN OCEAN
1932	 8.1	MEXICO
1937	 8.1	FIJI
1943	 8.1	INDONESIA
1943	 8.1	PHILIPPINES
1944	 8.1	JAPAN
1946	 8.1	JAPAN
1949	 8.1	CANADA
1950	 8.1	INDONESIA
1952	 8.1	JAPAN
1957	 8.1	MONGOLIA
1966	 8.1	PERU
1971	 8.1	INDONESIA
1974	 8.1	PERU
1977	 8.1	SOLOMON ISLANDS
1985	 8.1	MEXICO
1986	 8.1	KERMADEC ISLANDS (NEW ZEALAND)
1998	 8.1	ANTARCTICA
2004	 8.1	AUSTRALIA
2007	 8.1	RUSSIA
2007	 8.1	SOLOMON ISLANDS
2009	 8.1	SAMOA
1582	 8.2	PERU
1586	 8.2	JAPAN
1703	 8.2	JAPAN
1725	 8.2	RUSSIA
1826	 8.2	COLOMBIA
1835	 8.2	CHILE
1894	 8.2	VENEZUELA
1895	 8.2	TURKMENISTAN
1899	 8.2	USA
1899	 8.2	USA
1901	 8.2	JAPAN
1906	 8.2	CHILE
1908	 8.2	PERU
1938	 8.2	USA
1940	 8.2	PERU
1942	 8.2	PERU
1943	 8.2	CHILE
1959	 8.2	RUSSIA
1960	 8.2	CHILE
1968	 8.2	JAPAN
1969	 8.2	RUSSIA
1989	 8.2	AUSTRALIA
1994	 8.2	BOLIVIA
1996	 8.2	INDONESIA
2012	 8.2	INDONESIA
2014	 8.2	CHILE
1498	 8.3	JAPAN
1570	 8.3	CHILE
1787	 8.3	MEXICO
1793	 8.3	JAPAN
1797	 8.3	ECUADOR
1828	 8.3	PERU
1833	 8.3	INDONESIA
1843	 8.3	GUADELOUPE
1852	 8.3	INDONESIA
1854	 8.3	JAPAN
1857	 8.3	USA
1877	 8.3	CHILE
1882	 8.3	PANAMA
1889	 8.3	KAZAKHSTAN
1896	 8.3	JAPAN
1897	 8.3	JAPAN
1900	 8.3	USA
1903	 8.3	USA
1904	 8.3	RUSSIA
1904	 8.3	USA
1906	 8.3	CHINA
1907	 8.3	MEXICO
1917	 8.3	SAMOA
1918	 8.3	PHILIPPINES
1918	 8.3	RUSSIA
1919	 8.3	FIJI
1920	 8.3	CHINA
1923	 8.3	RUSSIA
1924	 8.3	PHILIPPINES
1939	 8.3	CHILE
1941	 8.3	ATLANTIC OCEAN
1948	 8.3	PHILIPPINES
1958	 8.3	RUSSIA
1963	 8.3	INDONESIA
1994	 8.3	RUSSIA
2003	 8.3	JAPAN
2006	 8.3	RUSSIA
2013	 8.3	RUSSIA
2015	 8.3	CHILE
1096	 8.4	JAPAN
1099	 8.4	JAPAN
1361	 8.4	JAPAN
1555	 8.4	PERU
1584	 8.4	PERU
1678	 8.4	PERU
1707	 8.4	JAPAN
1707	 8.4	JAPAN
1792	 8.4	RUSSIA
1812	 8.4	USA
1841	 8.4	RUSSIA
1843	 8.4	JAPAN
1854	 8.4	JAPAN
1891	 8.4	JAPAN
1899	 8.4	MEXICO
1900	 8.4	VENEZUELA
1901	 8.4	NEW CALEDONIA
1905	 8.4	INDONESIA
1905	 8.4	MONGOLIA
1905	 8.4	MONGOLIA
1906	 8.4	JAPAN
1933	 8.4	JAPAN
2001	 8.4	PERU
2007	 8.4	INDONESIA
684	 8.4	JAPAN
1575	 8.5	CHILE
1586	 8.5	PERU
1604	 8.5	PERU
1647	 8.5	CHILE
1668	 8.5	CHINA
1687	 8.5	PERU
1751	 8.5	CHILE
1755	 8.5	PORTUGAL
1761	 8.5	PORTUGAL
1811	 8.5	USA
1818	 8.5	INDONESIA
1819	 8.5	CHILE
1822	 8.5	CHILE
1837	 8.5	CHILE
1861	 8.5	INDONESIA
1868	 8.5	CHILE
1868	 8.5	CHILE
1938	 8.5	INDONESIA
1963	 8.5	RUSSIA
1609	 8.6	PERU
1619	 8.6	PERU
1716	 8.6	PERU
1897	 8.6	PHILIPPINES
1906	 8.6	ECUADOR
1946	 8.6	USA
1950	 8.6	INDIA
1957	 8.6	USA
2005	 8.6	INDONESIA
2012	 8.6	INDONESIA
869	 8.6	JAPAN
887	 8.6	JAPAN
1513	 8.7	PERU
1730	 8.7	CHILE
1897	 8.7	PHILIPPINES
1922	 8.7	CHILE
1965	 8.7	USA
1716	 8.8	PERU
1812	 8.8	USA
2010	 8.8	CHILE
1700	 9.0	USA
1952	 9.0	RUSSIA
2004	 9.1	INDONESIA
2011	 9.1	JAPAN
1964	 9.2	USA
1960	 9.5	CHILE
